Run Number,Catastrophe Point Found?,Fundamentalists Initialised,Speculators Initialised,Speculators Added/Removed Per Cycle,Num Cycle,Cool off Per Cycle,Speculator Proportion at CUSP,Market Price at CUSP,Excess Demand,Kurtosis MP,Kurtosis ED,Kurtosis SP,MP Volatility Last 100 Trades,MP Volatility Last 10 Trades,Overall Sim Volatility,Pre-CUSP Market Price Difference,Last 100 Pre-CUSP Market Prices Difference,Total Trades,Catastrophe Point Index
1,False,900,1600,2,40,1,64.0%,0.0,0,,,,,,,,,100000,0
2,False,900,1600,2,40,1,64.0%,0.0,0,,,,,,,,,100000,0
3,False,900,1600,2,40,1,64.0%,0.0,0,,,,,,,,,100000,0
4,False,900,1600,2,40,1,64.0%,0.0,0,,,,,,,,,100000,0
5,True,900,1600,2,40,1,65.68%,60.35,-342,-0.7038,-1.49675,-1.1982,0.536,0.707,6.068,121.0,16.35,100000,53235
6,True,900,1600,2,40,1,65.84%,63.55,-481,-0.25968,-1.47233,-1.19812,0.531,0.548,6.473,113.2,16.0,100000,58918
7,True,900,1600,2,40,1,65.52%,92.3,-206,0.0361,-0.85695,-1.20113,0.522,nan,6.268,106.15,9.95,100000,47846
8,True,900,1600,2,40,1,65.52%,76.35,-246,-0.14199,0.40861,-1.20557,0.721,0.545,6.405,90.65,21.4,100000,47557
9,False,900,1600,2,40,1,64.0%,0.0,-1,,,,,,,,,100000,0
10,True,900,1600,2,40,1,66.0%,92.7,-453,0.34236,-0.93826,-1.19943,2.397,1.041,6.522,108.1,6.3,100000,64272
11,True,900,1600,2,40,1,66.32%,64.05,-553,-0.45944,-0.7288,-1.20123,0.596,nan,6.317,112.5,8.3,100000,72733
12,False,900,1600,2,40,1,64.0%,0.0,0,,,,,,,,,100000,0
13,True,900,1600,2,40,1,65.76%,92.7,-482,-0.26037,-1.70811,-1.20035,0.563,0.548,6.629,117.3,26.05,100000,56954
14,False,900,1600,2,40,1,64.0%,0.0,0,,,,,,,,,100000,0
15,False,900,1600,2,40,1,64.0%,0.0,0,,,,,,,,,100000,0
16,True,900,1600,2,40,1,66.08%,56.45,-610,-0.48322,-1.57535,-1.20115,0.642,nan,6.743,102.05,11.1,100000,65282
17,True,900,1600,2,40,1,65.44%,93.95,-354,0.10518,0.37144,-1.1969,0.512,0.577,6.882,99.5,19.85,100000,45847
18,True,900,1600,2,40,1,65.84%,62.4,-411,-0.78188,-1.68177,-1.19897,0.846,0.577,6.63,117.3,12.0,100000,58134
19,True,900,1600,2,40,1,65.92%,90.4,-582,0.11232,-0.1333,-1.20319,0.51,0.577,6.536,124.4,10.7,100000,62413
20,True,900,1600,2,40,1,65.6%,91.65,-348,0.15913,-1.33762,-1.19811,0.512,0.577,6.821,102.85,10.15,100000,50711
21,True,900,1600,2,40,1,65.84%,93.5,-410,0.07006,-0.74107,-1.1978,0.522,0.577,7.603,98.15,13.5,100000,58680
22,False,900,1600,2,40,1,64.0%,0.0,-1,,,,,,,,,100000,0
23,True,900,1600,2,40,1,65.92%,64.65,-480,-0.13981,-1.10792,-1.19798,2.636,0.577,5.962,114.35,13.75,100000,61186
24,False,900,1600,2,40,1,64.0%,0.0,0,,,,,,,,,100000,0
25,True,900,1600,2,40,1,65.92%,89.75,-540,0.09029,7.64439,-1.20096,2.922,1.025,5.763,116.55,19.3,100000,62078
26,True,900,1600,2,40,1,65.36%,62.2,-219,-0.20773,-1.01935,-1.19916,2.015,0.577,7.093,119.15,7.1,100000,44281
27,False,900,1600,2,40,1,64.0%,0.0,0,,,,,,,,,100000,0
28,False,900,1600,2,40,1,64.0%,0.0,0,,,,,,,,,100000,0
29,True,900,1600,2,40,1,65.68%,75.35,-137,-0.16667,-0.88245,-1.2047,0.672,0.551,6.454,104.35,24.25,100000,54972
30,False,900,1600,2,40,1,64.0%,0.0,-1,,,,,,,,,100000,0
31,False,900,1600,2,40,1,64.0%,0.0,-1,,,,,,,,,100000,0
32,False,900,1600,2,40,1,64.0%,0.0,0,,,,,,,,,100000,0
33,True,900,1600,2,40,1,65.6%,70.15,-393,-0.08745,-1.31408,-1.20259,0.718,nan,6.747,117.05,12.55,100000,52209
34,True,900,1600,2,40,1,65.52%,90.85,-365,-0.03284,-1.35739,-1.19733,0.53,0.548,6.714,119.45,17.1,100000,48917
35,False,900,1600,2,40,1,64.0%,0.0,0,,,,,,,,,100000,0
36,False,900,1600,2,40,1,64.0%,0.0,0,,,,,,,,,100000,0
37,True,900,1600,2,40,1,65.92%,67.8,-357,-0.28473,-1.38924,-1.20266,0.598,0.577,7.21,111.6,21.65,100000,60137
38,True,900,1600,2,40,1,65.76%,69.25,-334,0.2818,-1.41324,-1.19853,12.544,0.548,6.31,105.0,8.6,100000,55700
39,True,900,1600,2,40,1,65.84%,62.75,-177,0.33453,-1.23048,-1.20252,7.351,0.542,6.377,108.15,10.05,100000,59790
40,True,900,1600,2,40,1,65.92%,61.1,-403,-0.44744,-0.87375,-1.1989,0.499,nan,6.677,109.05,8.65,100000,61645
41,True,900,1600,2,40,1,65.76%,90.65,-291,-0.51552,-1.03541,-1.2032,0.556,0.577,6.247,113.25,20.55,100000,57345
42,True,900,1600,2,40,1,65.6%,80.05,-859,-0.38422,0.41989,-1.20013,0.692,0.548,6.145,107.5,15.35,100000,51907
43,False,900,1600,2,40,1,64.0%,0.0,0,,,,,,,,,100000,0
44,True,900,1600,2,40,1,66.32%,77.75,-282,0.01935,-0.64798,-1.19882,13.611,0.577,5.844,128.8,12.15,100000,73942
45,True,900,1600,2,40,1,65.76%,90.45,-409,-0.54176,-0.50001,-1.1977,0.548,nan,6.364,119.1,3.2,100000,56285
46,True,900,1600,2,40,1,65.84%,52.95,-356,-0.62642,-1.34037,-1.19805,4.336,0.548,5.983,99.15,4.4,100000,58398
47,True,900,1600,2,40,1,66.4%,79.35,-332,-1.26435,-1.26631,-1.20091,0.516,0.707,5.973,120.05,15.85,100000,75279
48,True,900,1600,2,40,1,65.84%,88.8,-409,-0.43525,-0.99941,-1.20367,0.506,0.577,6.709,110.0,14.7,100000,59939
49,True,900,1600,2,40,1,66.0%,90.75,-284,-0.48483,-0.80036,-1.20019,0.5,0.577,6.225,109.95,15.7,100000,62933
50,True,900,1600,2,40,1,65.68%,70.3,-502,0.81827,-0.37177,-1.2047,0.779,1.157,6.082,119.45,9.45,100000,54972
51,True,900,1600,2,40,1,65.84%,75.85,-203,-0.2278,0.06778,-1.20282,2.013,0.577,6.426,119.95,21.3,100000,57643
52,True,900,1600,2,40,1,66.64%,90.55,-795,-0.73357,-1.46181,-1.20051,0.491,0.354,6.609,111.6,11.9,100000,84590
53,True,900,1600,2,40,1,65.76%,90.9,-272,0.63246,-0.67841,-1.19762,0.595,0.548,6.76,119.15,21.8,100000,56214
54,True,900,1600,2,40,1,65.84%,76.7,-330,-0.3396,-0.9149,-1.20007,0.596,nan,6.656,115.9,19.05,100000,59412
55,False,900,1600,2,40,1,64.0%,0.0,-1,,,,,,,,,100000,0
56,False,900,1600,2,40,1,64.0%,0.0,0,,,,,,,,,100000,0
57,False,900,1600,2,40,1,64.0%,0.0,0,,,,,,,,,100000,0
58,False,900,1600,2,40,1,64.0%,0.0,0,,,,,,,,,100000,0
59,True,900,1600,2,40,1,66.0%,73.4,-512,-0.28177,-1.15342,-1.19859,0.778,nan,6.037,105.65,18.55,100000,64011
60,True,900,1600,2,40,1,66.0%,87.25,-260,-0.39861,-0.9638,-1.19997,0.808,0.707,6.712,126.05,17.05,100000,62970
61,True,900,1600,2,40,1,65.92%,55.15,-517,-0.785,-1.5882,-1.1988,0.629,0.577,6.612,113.8,9.7,100000,60697
62,False,900,1600,2,40,1,64.0%,0.0,0,,,,,,,,,100000,0
63,True,900,1600,2,40,1,66.16%,53.0,-340,-0.80963,-0.77409,-1.20183,0.548,nan,6.129,117.6,2.95,100000,69792
64,True,900,1600,2,40,1,65.68%,73.8,-560,-0.48743,-1.79473,-1.20335,0.637,0.744,6.445,111.3,9.65,100000,54827
65,True,900,1600,2,40,1,65.92%,74.0,-337,-1.02388,-0.92359,-1.19815,0.56,0.577,6.112,124.6,15.35,100000,61354
66,True,900,1600,2,40,1,65.76%,91.9,-582,-0.16327,-1.07101,-1.1978,0.961,nan,7.157,98.85,6.45,100000,55925
67,False,900,1600,2,40,1,64.0%,0.0,0,,,,,,,,,100000,0
68,True,900,1600,2,40,1,65.36%,90.0,-305,0.90954,0.0254,-1.19653,0.603,0.577,6.799,98.65,24.15,100000,43871
69,False,900,1600,2,40,1,64.0%,0.0,-1,,,,,,,,,100000,0
70,False,900,1600,2,40,1,64.0%,0.0,-1,,,,,,,,,100000,0
71,True,900,1600,2,40,1,65.84%,77.55,-288,0.39938,-1.43023,-1.20384,0.537,0.535,5.967,122.05,18.25,100000,59960
72,False,900,1600,2,40,1,64.0%,0.0,-1,,,,,,,,,100000,0
73,True,900,1600,2,40,1,65.68%,65.75,-224,-0.15813,-0.31785,-1.20343,0.501,nan,6.965,102.2,12.6,100000,54835
74,True,900,1600,2,40,1,65.68%,90.45,-169,-0.48119,-1.03618,-1.19946,0.585,0.781,6.63,104.95,20.65,100000,53021
75,True,900,1600,2,40,1,65.68%,90.15,-358,-0.41701,-0.8882,-1.20266,0.555,0.86,6.367,100.5,13.75,100000,54747
76,True,900,1600,2,40,1,65.12%,75.9,-153,-0.11206,-0.41067,-1.19561,6.691,0.577,7.392,112.5,21.05,100000,36446
77,True,900,1600,2,40,1,65.84%,91.4,-214,-0.08231,0.67163,-1.19863,0.511,nan,6.84,119.2,7.95,100000,59095
78,True,900,1600,2,40,1,65.92%,61.9,-443,0.07517,-1.37045,-1.19802,0.676,nan,6.415,98.65,18.0,100000,61028
79,True,900,1600,2,40,1,65.84%,90.0,-615,-0.03333,-0.87874,-1.1978,0.519,nan,6.087,92.7,7.1,100000,58606
80,True,900,1600,2,40,1,65.52%,91.05,-346,0.22664,-0.64312,-1.19699,0.588,nan,6.574,100.75,20.05,100000,48800
81,True,900,1600,2,40,1,65.68%,88.3,-221,-0.13048,-0.93799,-1.20385,0.586,nan,6.904,101.4,10.4,100000,54882
82,True,900,1600,2,40,1,65.92%,67.75,-288,-0.72156,-1.11157,-1.19832,0.723,0.577,6.206,125.9,16.15,100000,61446
83,True,900,1600,2,40,1,65.68%,90.45,-97,-1.49423,-1.01145,-1.19994,0.481,0.415,6.573,122.0,10.3,100000,54383
84,False,900,1600,2,40,1,64.0%,0.0,0,,,,,,,,,100000,0
85,True,900,1600,2,40,1,65.68%,72.0,-372,-0.08133,-1.50382,-1.19854,0.788,0.577,6.252,104.35,20.15,100000,54126
86,True,900,1600,2,40,1,65.84%,92.15,-276,-0.70675,-1.37035,-1.20041,0.508,0.556,6.457,113.0,26.95,100000,59473
87,True,900,1600,2,40,1,66.0%,61.25,-485,-0.00083,-1.04515,-1.20333,0.719,0.2,6.43,97.1,21.35,100000,64969
88,True,900,1600,2,40,1,65.76%,90.0,-239,0.34062,-1.38394,-1.19759,0.562,0.468,6.137,104.9,20.95,100000,56115
89,True,900,1600,2,40,1,65.68%,75.1,-384,-0.28115,-0.52961,-1.19928,0.511,0.548,6.27,119.9,19.7,100000,54272
90,False,900,1600,2,40,1,64.0%,0.0,0,,,,,,,,,100000,0
91,False,900,1600,2,40,1,64.0%,0.0,0,,,,,,,,,100000,0
92,True,900,1600,2,40,1,65.68%,58.8,-199,-0.53937,-0.78961,-1.19794,4.069,0.361,6.156,124.35,12.65,100000,53299
93,True,900,1600,2,40,1,65.6%,67.55,-454,-0.03229,-0.05116,-1.19725,0.67,0.522,6.883,103.0,20.4,100000,51290
94,True,900,1600,2,40,1,66.24%,63.45,-471,-0.7047,-1.21124,-1.19867,0.511,0.577,6.129,110.2,14.8,100000,70924
95,True,900,1600,2,40,1,65.92%,52.85,-226,0.46279,-0.5715,-1.19799,0.609,0.652,6.116,119.3,6.4,100000,61073
96,False,900,1600,2,40,1,64.0%,0.0,-1,,,,,,,,,100000,0
97,True,900,1600,2,40,1,65.76%,65.5,-257,-1.18877,-0.99129,-1.19836,0.577,nan,6.778,133.25,15.95,100000,55739
98,True,900,1600,2,40,1,65.76%,90.65,-377,0.0454,-0.75615,-1.19992,0.546,0.115,6.594,109.8,11.65,100000,56882
99,True,900,1600,2,40,1,65.68%,53.2,-188,-0.69178,-0.66056,-1.19875,0.629,0.577,6.288,99.15,5.35,100000,53128
100,True,900,1600,2,40,1,65.84%,53.15,-439,-0.61091,-1.46685,-1.2009,0.506,0.577,6.317,117.3,7.2,100000,59553
101,False,900,1600,2,40,1,64.0%,0.0,-1,,,,,,,,,100000,0
102,True,900,1600,2,40,1,66.08%,92.95,-213,-0.20032,-1.06537,-1.2014,0.571,0.577,6.342,115.75,14.25,100000,67191
103,True,900,1600,2,40,1,65.76%,83.85,-582,0.65104,-1.32759,-1.19805,0.565,0.548,6.3,113.25,16.6,100000,56453
104,True,900,1600,2,40,1,65.52%,87.75,-195,-0.89668,-1.10213,-1.20077,0.53,nan,6.63,120.4,27.8,100000,49480
105,False,900,1600,2,40,1,64.0%,0.0,0,,,,,,,,,100000,0
106,False,900,1600,2,40,1,64.0%,0.0,-1,,,,,,,,,100000,0
107,True,900,1600,2,40,1,66.4%,64.2,-473,-0.45378,-0.83361,-1.20208,0.741,0.535,5.901,121.8,23.25,100000,75084
108,True,900,1600,2,40,1,65.92%,60.45,-424,-0.25747,-1.08829,-1.19843,0.598,0.577,6.213,107.45,9.7,100000,60810
109,True,900,1600,2,40,1,65.84%,54.85,-520,-0.32818,-1.67526,-1.20149,0.513,0.707,5.72,110.15,7.85,100000,59645
110,True,900,1600,2,40,1,66.0%,53.85,-563,-0.4018,-1.4502,-1.19928,4.861,0.577,6.443,120.65,15.6,100000,63104
111,False,900,1600,2,40,1,64.0%,0.0,-1,,,,,,,,,100000,0
112,True,900,1600,2,40,1,65.68%,85.75,-621,-0.24815,-0.50712,-1.20239,0.755,0.666,6.415,115.95,19.0,100000,54715
113,False,900,1600,2,40,1,64.0%,0.0,-1,,,,,,,,,100000,0
114,True,900,1600,2,40,1,66.16%,74.5,-237,-0.8727,-0.55446,-1.19874,0.526,nan,6.027,107.8,16.25,100000,68994
115,False,900,1600,2,40,1,64.0%,0.0,0,,,,,,,,,100000,0
116,True,900,1600,2,40,1,65.84%,57.55,-323,-0.17043,-0.951,-1.19912,0.562,0.577,6.055,107.6,14.6,100000,59219
117,True,900,1600,2,40,1,66.16%,76.8,-552,-0.34637,-1.21271,-1.19898,1.558,0.548,5.767,104.7,24.05,100000,68230
118,True,900,1600,2,40,1,66.16%,90.0,-544,-0.63421,-0.99689,-1.19845,0.646,nan,6.024,119.8,11.55,100000,68791
119,True,900,1600,2,40,1,65.76%,73.1,-318,-1.22855,-0.1517,-1.19774,3.706,0.577,5.943,110.65,14.35,100000,55953
120,True,900,1600,2,40,1,65.84%,55.3,-435,0.11246,-1.04526,-1.19797,0.609,0.548,6.634,106.75,23.75,100000,58436
121,True,900,1600,2,40,1,65.84%,57.8,-225,-0.11726,-0.77953,-1.20208,0.535,0.577,6.269,109.9,2.4,100000,59729
122,False,900,1600,2,40,1,64.0%,0.0,0,,,,,,,,,100000,0
123,True,900,1600,2,40,1,66.16%,55.0,-525,-0.85849,-1.33827,-1.19955,1.546,0.577,6.564,115.0,14.25,100000,69289
124,True,900,1600,2,40,1,65.44%,69.75,-143,0.35881,-0.81034,-1.20204,0.515,nan,6.5,103.3,5.95,100000,47097
125,True,900,1600,2,40,1,65.76%,55.45,-556,0.28527,-1.00783,-1.19805,1.604,0.577,6.619,108.6,13.2,100000,55827
126,True,900,1600,2,40,1,65.52%,63.75,-318,0.37554,-0.6519,-1.19683,0.5,0.535,7.195,104.6,15.8,100000,48517
127,True,900,1600,2,40,1,65.92%,86.9,-407,0.43871,-1.18699,-1.198,0.802,0.577,6.708,102.8,19.95,100000,61219
128,True,900,1600,2,40,1,65.92%,66.3,-384,-0.22892,-0.02666,-1.1999,0.649,0.465,6.281,99.45,9.1,100000,60478
129,True,900,1600,2,40,1,65.84%,90.35,-295,0.43395,-0.96006,-1.19964,0.627,nan,5.981,126.3,18.0,100000,59330
130,True,900,1600,2,40,1,65.6%,62.25,-349,-0.51096,0.98752,-1.19709,0.695,0.52,6.111,114.7,12.3,100000,51122
131,True,900,1600,2,40,1,65.6%,67.5,-340,-0.75587,-1.06197,-1.1973,0.694,0.577,5.837,108.65,12.35,100000,50927
132,False,900,1600,2,40,1,64.0%,0.0,0,,,,,,,,,100000,0
133,True,900,1600,2,40,1,65.84%,54.25,-600,-0.10409,-0.70622,-1.19996,0.656,1.023,6.735,114.15,8.55,100000,59392
134,False,900,1600,2,40,1,64.0%,0.0,-1,,,,,,,,,100000,0
135,True,900,1600,2,40,1,65.28%,93.6,-113,0.12084,-0.39638,-1.19599,0.722,nan,6.488,97.55,14.6,100000,41338
136,True,900,1600,2,40,1,65.84%,74.9,-716,-0.59343,-1.31612,-1.19845,0.5,0.577,6.298,123.45,21.8,100000,58258
137,True,900,1600,2,40,1,66.24%,82.55,-553,-0.42119,-1.43066,-1.19954,1.67,0.236,6.362,103.5,5.15,100000,71778
138,True,900,1600,2,40,1,65.76%,76.15,-219,0.19982,-0.97939,-1.19932,0.622,0.788,7.425,106.9,21.15,100000,56773
139,True,900,1600,2,40,1,65.84%,65.25,-361,-0.12381,-1.69317,-1.20358,0.503,0.577,7.06,108.15,13.3,100000,59927
140,False,900,1600,2,40,1,64.0%,0.0,0,,,,,,,,,100000,0
141,True,900,1600,2,40,1,65.84%,68.8,-604,0.03041,0.63947,-1.20378,0.49,0.707,6.423,105.0,13.45,100000,59952
142,True,900,1600,2,40,1,66.08%,86.5,-236,-0.30973,-0.8689,-1.1989,0.604,0.548,6.146,120.85,19.0,100000,65729
143,False,900,1600,2,40,1,64.0%,0.0,0,,,,,,,,,100000,0
144,True,900,1600,2,40,1,65.84%,83.15,-438,-0.4437,-0.73306,-1.20057,0.689,0.707,7.102,92.4,11.15,100000,59499
145,True,900,1600,2,40,1,65.92%,59.75,-519,-0.2564,-1.50473,-1.20135,0.509,0.577,6.498,112.9,13.5,100000,60278
146,True,900,1600,2,40,1,65.76%,57.1,-486,0.19241,-1.16128,-1.20429,0.94,0.815,6.062,114.15,8.55,100000,55048
147,False,900,1600,2,40,1,64.0%,0.0,0,,,,,,,,,100000,0
148,True,900,1600,2,40,1,65.92%,55.85,-379,-0.45513,-0.89119,-1.19887,0.565,0.577,6.497,117.55,16.7,100000,61637
149,True,900,1600,2,40,1,65.92%,91.7,-241,-0.66785,-1.54854,-1.19798,0.593,0.577,6.634,105.85,11.8,100000,61103
150,True,900,1600,2,40,1,66.0%,57.95,-615,-0.50975,-1.13799,-1.19903,0.598,0.548,6.371,113.1,20.6,100000,64161
151,True,900,1600,2,40,1,65.76%,61.1,-296,0.09393,-1.06537,-1.20234,6.469,0.707,6.414,100.1,22.7,100000,57237
152,False,900,1600,2,40,1,64.0%,0.0,0,,,,,,,,,100000,0
153,True,900,1600,2,40,1,66.08%,83.05,-197,-0.63165,-0.87947,-1.20059,0.901,0.722,7.008,111.25,19.2,100000,65366
154,True,900,1600,2,40,1,66.24%,80.5,-477,-0.4497,-1.38866,-1.19871,2.105,7.601,6.111,116.3,24.0,100000,70898
155,True,900,1600,2,40,1,65.6%,77.1,-338,0.20942,1.32244,-1.20267,4.088,8.651,6.944,109.15,7.5,100000,52218
156,True,900,1600,2,40,1,66.0%,95.8,-147,0.06072,-1.43854,-1.20107,1.916,0.471,6.351,123.2,26.45,100000,62803
157,True,900,1600,2,40,1,66.0%,61.65,-567,0.24207,-0.8117,-1.19842,0.671,0.548,6.635,99.15,7.4,100000,63935
158,True,900,1600,2,40,1,65.84%,91.45,-266,0.27497,-0.54367,-1.20403,0.563,0.513,6.059,111.15,11.65,100000,59982
159,True,900,1600,2,40,1,65.84%,88.15,-733,-0.34186,11.05642,-1.1992,0.721,0.548,6.102,116.2,17.55,100000,59238
160,True,900,1600,2,40,1,65.92%,53.8,-465,0.16873,-0.67267,-1.1987,0.514,0.577,6.467,106.3,7.95,100000,61584
161,False,900,1600,2,40,1,64.0%,0.0,0,,,,,,,,,100000,0
162,True,900,1600,2,40,1,65.92%,56.8,-1165,-0.9033,-0.70484,-1.20297,0.621,0.532,6.438,114.05,15.6,100000,62383
163,False,900,1600,2,40,1,64.0%,0.0,0,,,,,,,,,100000,0
164,True,900,1600,2,40,1,65.76%,53.85,-513,0.4924,-1.22871,-1.19764,0.524,0.575,6.45,110.65,9.45,100000,56032
165,True,900,1600,2,40,1,65.92%,91.3,-277,0.83051,-0.15556,-1.19804,0.618,0.678,5.813,118.1,20.25,100000,61276
166,True,900,1600,2,40,1,65.76%,61.65,-649,-0.23313,-0.84086,-1.19938,1.029,1.327,6.834,114.0,7.4,100000,55545
167,True,900,1600,2,40,1,65.68%,56.0,-279,0.28618,-0.21345,-1.19986,0.5,0.49,6.476,102.0,15.85,100000,54371
168,True,900,1600,2,40,1,65.6%,80.05,-229,-0.38781,-1.15965,-1.19736,0.954,0.491,6.623,105.7,16.85,100000,50905
169,True,900,1600,2,40,1,66.4%,66.9,-509,-0.57702,-0.46139,-1.19969,0.862,0.577,5.943,109.3,27.8,100000,75559
170,True,900,1600,2,40,1,65.44%,91.9,-186,0.23228,-1.09547,-1.19916,0.511,0.548,6.558,113.05,1.55,100000,46776
171,False,900,1600,2,40,1,64.0%,0.0,-1,,,,,,,,,100000,0
172,True,900,1600,2,40,1,66.72%,58.15,-478,-0.72182,-0.55256,-1.19899,0.516,nan,6.079,126.75,8.2,100000,86236
173,False,900,1600,2,40,1,64.0%,0.0,0,,,,,,,,,100000,0
174,True,900,1600,2,40,1,66.08%,67.85,-262,-0.20452,-1.29025,-1.1983,0.497,0.577,6.267,107.1,14.6,100000,66241
175,False,900,1600,2,40,1,64.0%,0.0,-1,,,,,,,,,100000,0
176,True,900,1600,2,40,1,66.16%,93.05,-226,-0.91303,-1.45633,-1.1986,1.715,0.574,6.109,117.8,11.35,100000,68913
177,True,900,1600,2,40,1,66.32%,88.1,-530,-0.63743,-1.24221,-1.20201,0.534,nan,6.496,107.95,21.1,100000,72613
178,False,900,1600,2,40,1,64.0%,0.0,0,,,,,,,,,100000,0
179,True,900,1600,2,40,1,65.68%,94.8,-410,0.68492,-1.56493,-1.20225,0.515,0.539,7.271,97.55,24.95,100000,52730
180,True,900,1600,2,40,1,65.76%,65.6,-472,-0.06567,-1.13004,-1.19779,0.493,0.472,6.759,98.4,24.55,100000,56339
181,True,900,1600,2,40,1,65.28%,52.85,-422,-0.02163,0.4589,-1.20177,1.289,0.548,6.797,109.75,7.15,100000,42025
182,True,900,1600,2,40,1,65.92%,75.65,-394,1.80105,-1.61721,-1.19905,1.691,0.577,6.847,113.2,25.3,100000,61687
183,True,900,1600,2,40,1,65.68%,55.05,-283,-1.08445,-1.3032,-1.19757,0.583,0.548,6.835,109.2,6.85,100000,53832
184,True,900,1600,2,40,1,66.0%,91.75,-560,0.0962,-0.15301,-1.19815,0.7,nan,6.086,114.15,19.95,100000,63720
185,True,900,1600,2,40,1,66.08%,90.4,-704,0.87169,-0.29257,-1.20131,0.527,nan,5.876,117.1,7.55,100000,65260
186,True,900,1600,2,40,1,66.0%,56.65,-606,-0.02319,-0.32181,-1.20149,0.499,0.577,6.364,119.5,4.5,100000,64687
187,True,900,1600,2,40,1,66.16%,72.8,-567,-0.48188,-1.37832,-1.19931,0.507,0.073,6.205,121.35,10.9,100000,69217
188,False,900,1600,2,40,1,64.0%,0.0,0,,,,,,,,,100000,0
189,True,900,1600,2,40,1,66.16%,57.35,-243,-1.17684,-1.16255,-1.19923,6.557,16.452,6.724,121.05,10.35,100000,68154
190,True,900,1600,2,40,1,65.84%,54.5,-332,-0.6003,-1.22886,-1.19823,0.58,0.577,6.608,113.4,15.65,100000,58326
191,True,900,1600,2,40,1,66.08%,91.6,-602,-0.5078,-1.47345,-1.20117,0.499,0.707,6.064,107.75,17.95,100000,67150
192,True,900,1600,2,40,1,66.16%,56.7,-434,-0.20581,-1.22956,-1.20028,0.561,0.548,6.45,121.35,6.15,100000,69478
193,False,900,1600,2,40,1,64.0%,0.0,0,,,,,,,,,100000,0
194,True,900,1600,2,40,1,66.16%,59.55,-363,0.66655,-0.10589,-1.19909,1.009,0.548,5.92,129.65,19.1,100000,69140
195,False,900,1600,2,40,1,64.0%,0.0,-1,,,,,,,,,100000,0
196,False,900,1600,2,40,1,64.0%,0.0,0,,,,,,,,,100000,0
197,True,900,1600,2,40,1,66.0%,61.5,-626,-0.23104,0.10189,-1.20203,0.536,0.577,5.671,124.35,8.7,100000,64775
198,True,900,1600,2,40,1,65.92%,57.75,-263,-0.39913,-0.87562,-1.19799,0.743,nan,6.453,111.45,10.7,100000,61073
199,True,900,1600,2,40,1,65.6%,56.35,-267,-0.5782,-0.78775,-1.19906,4.518,10.999,7.277,128.8,11.2,100000,50562
200,True,900,1600,2,40,1,65.68%,91.3,-293,1.26913,-1.16481,-1.20047,0.534,0.713,6.637,116.65,14.4,100000,54464
201,False,900,1600,2,40,1,64.0%,0.0,-1,,,,,,,,,100000,0
202,True,900,1600,2,40,1,65.84%,81.3,-371,0.44322,-1.65686,-1.19813,0.588,0.092,5.884,111.75,11.4,100000,58921
203,False,900,1600,2,40,1,64.0%,0.0,-1,,,,,,,,,100000,0
204,True,900,1600,2,40,1,65.84%,56.55,-411,-0.3819,-1.02607,-1.20016,0.514,0.577,6.826,103.8,2.6,100000,59428
205,True,900,1600,2,40,1,65.44%,94.05,-275,0.71935,0.09119,-1.20183,0.62,0.577,7.123,103.65,17.25,100000,47076
206,True,900,1600,2,40,1,65.28%,89.85,-205,-0.16481,-1.34856,-1.20786,0.597,nan,6.888,99.95,18.15,100000,42469
207,True,900,1600,2,40,1,65.6%,81.25,-393,-0.24699,-0.73763,-1.19709,0.648,0.548,5.996,122.4,31.9,100000,51145
208,False,900,1600,2,40,1,64.0%,0.0,0,,,,,,,,,100000,0
209,True,900,1600,2,40,1,65.84%,90.95,-205,-0.25835,-1.06593,-1.19795,3.013,nan,5.803,118.85,23.9,100000,58446
210,True,900,1600,2,40,1,65.84%,57.35,-414,-0.13897,-0.6827,-1.20132,0.536,nan,5.776,109.3,12.9,100000,59619
211,True,900,1600,2,40,1,65.84%,64.75,-457,-0.63079,-1.48831,-1.20146,0.539,nan,6.309,114.65,10.4,100000,57778
212,False,900,1600,2,40,1,64.0%,0.0,-1,,,,,,,,,100000,0
213,True,900,1600,2,40,1,65.76%,58.5,-151,-0.03873,-0.99975,-1.19838,0.799,0.791,6.894,119.9,14.95,100000,56556
214,True,900,1600,2,40,1,66.0%,86.0,-450,-1.03482,-0.09076,-1.20033,0.511,0.707,6.861,131.1,9.85,100000,62910
215,False,900,1600,2,40,1,64.0%,0.0,0,,,,,,,,,100000,0
216,False,900,1600,2,40,1,64.0%,0.0,-1,,,,,,,,,100000,0
217,False,900,1600,2,40,1,64.0%,0.0,-1,,,,,,,,,100000,0
218,True,900,1600,2,40,1,66.32%,91.2,-342,-0.23101,-1.01908,-1.19865,0.578,nan,5.753,113.25,26.4,100000,73790
219,True,900,1600,2,40,1,65.68%,76.0,-481,0.44589,-1.35939,-1.19855,0.646,nan,6.341,95.35,9.9,100000,54128
220,True,900,1600,2,40,1,65.84%,93.0,-357,-0.55417,-1.48949,-1.19794,0.669,0.065,6.199,121.0,15.6,100000,58823
221,False,900,1600,2,40,1,64.0%,0.0,0,,,,,,,,,100000,0
222,True,900,1600,2,40,1,66.08%,71.25,-498,-0.70518,-1.06714,-1.1983,0.629,0.577,6.021,112.5,7.8,100000,66058
223,False,900,1600,2,40,1,64.0%,0.0,-1,,,,,,,,,100000,0
224,False,900,1600,2,40,1,64.0%,0.0,-1,,,,,,,,,100000,0
225,True,900,1600,2,40,1,65.84%,74.9,-81,-0.48805,-0.29564,-1.20398,0.578,0.577,5.567,116.1,14.65,100000,59977
226,True,900,1600,2,40,1,65.84%,75.85,-497,0.23197,-0.22173,-1.20295,0.869,0.577,5.583,116.05,19.25,100000,59847
227,True,900,1600,2,40,1,66.0%,70.0,-716,-0.15137,-0.04475,-1.20122,0.809,0.577,6.265,105.35,10.6,100000,64640
228,False,900,1600,2,40,1,64.0%,0.0,-1,,,,,,,,,100000,0
229,True,900,1600,2,40,1,65.6%,88.5,-320,0.30718,-0.41509,-1.19811,0.571,0.535,6.779,99.3,14.5,100000,50712
230,False,900,1600,2,40,1,64.0%,0.0,-1,,,,,,,,,100000,0
231,False,900,1600,2,40,1,64.0%,0.0,0,,,,,,,,,100000,0
232,True,900,1600,2,40,1,66.0%,78.9,-494,-0.15787,-0.61615,-1.19842,0.651,0.675,6.099,102.15,27.85,100000,63368
233,False,900,1600,2,40,1,64.0%,0.0,0,,,,,,,,,100000,0
234,True,900,1600,2,40,1,66.24%,58.9,-918,0.53823,-0.80961,-1.19893,1.037,nan,6.344,105.75,7.05,100000,70784
235,True,900,1600,2,40,1,65.6%,62.1,-277,-0.61254,-1.18731,-1.19735,0.605,nan,6.231,111.35,13.9,100000,50907
236,True,900,1600,2,40,1,66.08%,58.0,-497,-0.37661,-1.35746,-1.2003,0.639,0.974,6.42,110.55,13.85,100000,65413
237,True,900,1600,2,40,1,65.92%,59.8,-264,-0.66278,-1.2072,-1.20346,0.485,0.548,5.759,123.2,17.95,100000,62450
238,True,900,1600,2,40,1,65.84%,78.85,-527,-0.31409,-1.6234,-1.19787,0.971,0.577,6.819,92.1,23.1,100000,58501
239,False,900,1600,2,40,1,64.0%,0.0,-1,,,,,,,,,100000,0
240,True,900,1600,2,40,1,65.84%,80.2,-168,0.51126,-0.69802,-1.19947,0.515,0.572,6.589,112.95,14.65,100000,59295
241,True,900,1600,2,40,1,66.16%,52.85,-358,-1.20792,-0.50444,-1.19844,0.862,0.577,5.839,119.65,8.45,100000,68534
242,True,900,1600,2,40,1,66.16%,76.1,-276,0.15283,-1.04434,-1.1984,0.512,0.577,6.579,107.55,4.9,100000,68643
243,False,900,1600,2,40,1,64.0%,0.0,0,,,,,,,,,100000,0
244,False,900,1600,2,40,1,64.0%,0.0,-1,,,,,,,,,100000,0
245,True,900,1600,2,40,1,65.6%,59.9,-281,-0.19786,-0.95462,-1.20197,1.16,0.548,7.399,105.55,8.8,100000,52139
246,True,900,1600,2,40,1,65.84%,91.65,-535,-0.40513,-0.91955,-1.20181,1.604,0.577,6.522,121.2,8.7,100000,59692
247,True,900,1600,2,40,1,65.92%,79.25,-366,-0.16301,-0.3213,-1.20026,0.586,0.707,6.604,97.3,22.5,100000,61953
248,True,900,1600,2,40,1,65.76%,67.45,-357,0.00668,-1.37343,-1.20179,0.585,nan,5.899,117.2,25.95,100000,55257
249,True,900,1600,2,40,1,66.08%,63.3,-651,-0.89289,-1.27302,-1.19859,0.582,0.957,5.997,117.45,17.8,100000,66464
250,True,900,1600,2,40,1,66.08%,53.0,-412,-0.3816,-0.83982,-1.20308,0.62,0.635,6.811,119.75,8.5,100000,67468
251,True,900,1600,2,40,1,66.08%,56.75,-535,-0.93577,-1.19813,-1.202,2.123,nan,6.182,116.4,10.3,100000,67296
252,False,900,1600,2,40,1,64.0%,0.0,0,,,,,,,,,100000,0
253,False,900,1600,2,40,1,64.0%,0.0,0,,,,,,,,,100000,0
254,True,900,1600,2,40,1,66.0%,74.55,-344,-0.38411,-1.48042,-1.20171,0.516,0.548,6.678,105.15,6.45,100000,64723
255,False,900,1600,2,40,1,64.0%,0.0,0,,,,,,,,,100000,0
256,True,900,1600,2,40,1,66.24%,90.85,-453,-0.64267,-1.55014,-1.19878,0.491,nan,6.271,120.0,16.8,100000,71468
257,True,900,1600,2,40,1,66.0%,77.6,-395,-0.36581,-0.63485,-1.20022,0.624,0.577,5.685,111.6,16.75,100000,62928
258,False,900,1600,2,40,1,64.0%,0.0,0,,,,,,,,,100000,0
259,True,900,1600,2,40,1,65.76%,80.55,-144,-0.2844,-1.28639,-1.20414,0.66,1.133,6.219,114.5,13.55,100000,57454
260,False,900,1600,2,40,1,64.0%,0.0,-1,,,,,,,,,100000,0
261,True,900,1600,2,40,1,65.76%,75.55,-365,-0.57515,-0.98373,-1.20186,0.51,0.577,6.109,113.05,19.25,100000,57175
262,True,900,1600,2,40,1,65.92%,55.6,-422,0.44878,1.50736,-1.2019,0.617,0.831,6.603,122.85,9.75,100000,62229
263,True,900,1600,2,40,1,65.68%,88.0,-302,0.41182,-1.29689,-1.19814,0.748,0.548,7.142,101.7,8.35,100000,54028
264,True,900,1600,2,40,1,66.0%,84.0,-225,1.72874,-1.10507,-1.19834,0.512,nan,6.207,113.0,13.75,100000,63409
265,True,900,1600,2,40,1,65.84%,74.0,-277,-0.60197,-0.58347,-1.19945,0.614,0.837,5.868,113.7,12.85,100000,58045
266,True,900,1600,2,40,1,65.92%,61.15,-325,-0.92601,-1.17843,-1.20168,3.504,nan,6.172,121.05,12.2,100000,62195
267,True,900,1600,2,40,1,65.68%,90.8,-349,-1.02892,-1.5288,-1.20171,0.509,0.577,6.099,117.2,7.55,100000,54632
268,False,900,1600,2,40,1,64.0%,0.0,0,,,,,,,,,100000,0
269,False,900,1600,2,40,1,64.0%,0.0,0,,,,,,,,,100000,0
270,False,900,1600,2,40,1,64.0%,0.0,0,,,,,,,,,100000,0
271,True,900,1600,2,40,1,65.92%,89.85,-292,-0.6243,-1.05573,-1.1982,0.518,nan,5.85,124.8,14.55,100000,60904
272,True,900,1600,2,40,1,66.72%,53.75,-1101,-0.73117,-0.25013,-1.19943,0.829,0.577,5.922,108.85,13.0,100000,85710
273,True,900,1600,2,40,1,65.76%,53.65,-1006,0.01092,5.33053,-1.20184,0.692,0.577,6.131,110.3,8.25,100000,57172
274,False,900,1600,2,40,1,64.0%,0.0,0,,,,,,,,,100000,0
275,True,900,1600,2,40,1,65.92%,81.35,-242,-0.33468,0.3286,-1.19856,0.516,0.577,6.028,123.1,13.5,100000,60766
276,False,900,1600,2,40,1,64.0%,0.0,0,,,,,,,,,100000,0
277,True,900,1600,2,40,1,66.0%,58.05,-483,-0.2749,-0.77164,-1.19887,0.527,0.577,6.321,117.1,12.85,100000,63208
278,False,900,1600,2,40,1,64.0%,0.0,0,,,,,,,,,100000,0
279,False,900,1600,2,40,1,64.0%,0.0,0,,,,,,,,,100000,0
280,True,900,1600,2,40,1,65.76%,63.05,-511,-0.19584,-0.28042,-1.20285,0.584,0.577,6.684,113.2,10.25,100000,57302
281,True,900,1600,2,40,1,65.76%,83.15,-439,-0.2631,-0.45573,-1.20005,0.712,0.577,6.638,104.0,27.3,100000,55449
282,True,900,1600,2,40,1,65.68%,90.8,-276,-0.0285,-1.22556,-1.19747,0.587,0.548,6.522,115.8,18.75,100000,53476
283,True,900,1600,2,40,1,65.68%,90.8,-311,-0.49539,-0.82579,-1.20078,9.025,nan,6.126,92.3,9.65,100000,54508
284,False,900,1600,2,40,1,64.0%,0.0,0,,,,,,,,,100000,0
285,True,900,1600,2,40,1,65.84%,91.7,-324,-0.41236,-1.368,-1.20212,4.651,7.636,6.077,106.2,15.0,100000,59735
286,True,900,1600,2,40,1,65.76%,75.3,-410,-0.2226,-1.18081,-1.20108,0.564,0.582,6.6,101.4,24.9,100000,55329
287,True,900,1600,2,40,1,66.0%,57.75,-436,0.21254,-1.19492,-1.19872,3.581,0.577,6.483,110.25,11.75,100000,64062
288,True,900,1600,2,40,1,65.76%,70.1,-427,-0.0875,-1.17127,-1.20421,0.65,0.01,6.347,102.4,5.7,100000,57462
289,True,900,1600,2,40,1,65.92%,86.1,-514,-0.53861,-1.01874,-1.1984,0.587,0.707,6.495,107.45,14.75,100000,61477
290,True,900,1600,2,40,1,65.44%,74.4,-570,1.10095,2.93948,-1.20107,1.35,0.476,7.199,100.45,8.15,100000,46999
291,True,900,1600,2,40,1,65.6%,91.05,-164,0.21347,-1.08558,-1.19785,0.573,0.051,6.323,102.15,19.5,100000,50765
292,True,900,1600,2,40,1,66.0%,63.2,-252,-0.67067,-1.27394,-1.19858,1.235,0.577,6.073,113.3,9.6,100000,63303
293,True,900,1600,2,40,1,65.44%,92.0,-420,-0.06013,-0.22223,-1.19857,0.662,0.957,6.92,113.85,24.45,100000,46695
294,True,900,1600,2,40,1,65.68%,68.1,-240,-0.27418,-1.19157,-1.20206,0.592,nan,6.352,110.6,18.85,100000,54675
295,True,900,1600,2,40,1,65.92%,81.6,-521,0.10454,3.88324,-1.20379,2.199,0.507,6.331,115.6,23.8,100000,60033
296,True,900,1600,2,40,1,65.76%,91.85,-217,-0.12791,-1.03887,-1.1977,0.501,nan,6.156,96.1,19.45,100000,56288
297,False,900,1600,2,40,1,64.0%,0.0,-1,,,,,,,,,100000,0
298,True,900,1600,2,40,1,65.76%,67.65,-362,-0.48275,-1.51654,-1.20199,0.504,nan,6.118,106.75,21.7,100000,55238
299,True,900,1600,2,40,1,65.84%,76.35,-378,-0.92543,-0.14359,-1.20272,0.5,0.548,5.904,105.6,26.25,100000,59817
300,True,900,1600,2,40,1,66.16%,56.85,-303,-0.99323,-0.76181,-1.19967,0.516,nan,6.274,119.1,7.05,100000,68039
301,False,900,1600,2,40,1,64.0%,0.0,0,,,,,,,,,100000,0
302,True,900,1600,2,40,1,66.08%,82.5,-448,-0.38027,-1.34728,-1.19922,0.793,0.429,5.818,95.8,12.7,100000,65636
303,True,900,1600,2,40,1,65.76%,88.95,-461,-0.37182,-1.00033,-1.20131,0.617,0.285,6.237,110.6,26.15,100000,57098
304,False,900,1600,2,40,1,64.0%,0.0,0,,,,,,,,,100000,0
305,False,900,1600,2,40,1,64.0%,0.0,-1,,,,,,,,,100000,0
306,True,900,1600,2,40,1,66.0%,92.5,-573,0.0787,-1.04296,-1.19862,0.548,0.547,6.249,125.1,8.95,100000,63287
307,True,900,1600,2,40,1,65.68%,71.4,-449,0.4494,-1.67577,-1.20112,2.513,0.577,6.351,99.15,17.9,100000,54555
308,True,900,1600,2,40,1,65.92%,55.65,-835,0.09346,-1.57978,-1.19997,0.51,0.548,6.877,116.65,6.95,100000,61897
309,True,900,1600,2,40,1,65.6%,95.1,-88,0.00352,-1.20296,-1.19713,0.736,0.548,6.612,100.6,17.0,100000,51029
310,True,900,1600,2,40,1,65.52%,70.45,-569,0.25857,0.29131,-1.20377,0.726,0.527,7.137,103.85,24.55,100000,49796
311,True,900,1600,2,40,1,66.0%,90.3,-335,-0.09445,-0.83509,-1.19823,0.509,0.577,6.369,101.4,19.8,100000,63808
312,True,900,1600,2,40,1,65.52%,91.85,-124,-0.17035,-1.16721,-1.20468,0.622,nan,6.189,100.15,10.55,100000,47606
313,True,900,1600,2,40,1,65.68%,69.1,-687,-0.01431,-0.58963,-1.1999,0.508,0.577,6.819,102.3,11.75,100000,52965
314,True,900,1600,2,40,1,65.76%,63.1,-507,-0.76549,-1.26595,-1.20169,0.612,nan,6.767,116.1,17.75,100000,57151
315,True,900,1600,2,40,1,65.92%,84.85,-275,-0.54517,-1.2253,-1.1984,8.428,0.577,6.15,122.55,29.2,100000,61480
316,False,900,1600,2,40,1,64.0%,0.0,0,,,,,,,,,100000,0
317,True,900,1600,2,40,1,65.76%,64.35,-393,0.29989,-1.0574,-1.20151,2.096,0.548,6.61,109.85,14.8,100000,57126
318,True,900,1600,2,40,1,65.76%,91.9,-396,-0.17555,-1.09358,-1.19858,0.569,0.577,6.876,110.25,15.75,100000,56608
319,True,900,1600,2,40,1,65.44%,87.1,-440,0.28814,-0.24365,-1.19775,0.608,0.5,6.645,96.95,32.4,100000,46563
320,False,900,1600,2,40,1,64.0%,0.0,-1,,,,,,,,,100000,0
321,True,900,1600,2,40,1,65.92%,91.5,-310,-0.9113,-1.19527,-1.2022,0.54,0.548,5.831,122.75,19.45,100000,62273
322,True,900,1600,2,40,1,65.92%,92.4,-238,0.79981,-1.1803,-1.20228,0.866,0.602,6.931,111.4,13.3,100000,60175
323,True,900,1600,2,40,1,65.36%,71.9,-257,0.56901,-0.38675,-1.20097,3.856,0.707,6.978,109.7,6.75,100000,42867
324,True,900,1600,2,40,1,65.68%,90.9,-523,0.2506,-1.07434,-1.19898,0.62,0.577,6.125,111.95,24.75,100000,54217
325,True,900,1600,2,40,1,66.24%,59.25,-539,-0.56369,-0.34068,-1.19962,0.571,0.735,6.155,116.45,22.75,100000,70560
326,False,900,1600,2,40,1,64.0%,0.0,-1,,,,,,,,,100000,0
327,True,900,1600,2,40,1,65.76%,53.55,-676,-0.56628,0.69797,-1.20357,1.663,0.577,6.244,115.75,18.65,100000,57389
328,True,900,1600,2,40,1,65.84%,56.1,-342,-0.40382,-1.45871,-1.2022,1.236,2.614,6.808,113.35,5.2,100000,59746
329,True,900,1600,2,40,1,65.84%,53.55,-420,-0.24082,-0.49849,-1.19809,0.587,nan,6.28,108.45,9.75,100000,58904
330,False,900,1600,2,40,1,64.0%,0.0,0,,,,,,,,,100000,0
331,True,900,1600,2,40,1,65.84%,60.1,-346,-0.23526,-0.92084,-1.20214,4.114,0.548,6.182,123.0,14.55,100000,59738
332,True,900,1600,2,40,1,65.84%,72.9,-441,-0.41746,-1.17292,-1.19946,0.52,0.577,6.45,110.6,25.25,100000,58044
333,True,900,1600,2,40,1,65.52%,76.1,-686,0.93526,1.15213,-1.2023,0.683,nan,6.469,102.45,20.1,100000,49650
334,False,900,1600,2,40,1,64.0%,0.0,-1,,,,,,,,,100000,0
335,True,900,1600,2,40,1,66.32%,69.85,-325,-0.66352,-1.45493,-1.20173,0.513,0.548,6.497,116.4,20.8,100000,74821
336,False,900,1600,2,40,1,64.0%,0.0,0,,,,,,,,,100000,0
337,True,900,1600,2,40,1,65.92%,91.1,-380,-1.25222,-0.41418,-1.19808,0.559,0.471,6.669,128.55,21.85,100000,61307
338,True,900,1600,2,40,1,66.24%,53.3,-725,-0.17853,-0.13549,-1.19851,1.016,2.76,5.966,109.75,7.1,100000,71119
339,False,900,1600,2,40,1,64.0%,0.0,0,,,,,,,,,100000,0
340,True,900,1600,2,40,1,65.84%,78.5,-412,-0.3141,-0.22091,-1.19976,0.619,0.577,6.527,110.85,16.2,100000,59355
341,False,900,1600,2,40,1,64.0%,0.0,0,,,,,,,,,100000,0
342,False,900,1600,2,40,1,64.0%,0.0,0,,,,,,,,,100000,0
343,False,900,1600,2,40,1,64.0%,0.0,0,,,,,,,,,100000,0
344,True,900,1600,2,40,1,66.4%,81.35,-574,-0.11841,2.2179,-1.19991,0.563,nan,5.788,105.85,11.9,100000,76889
345,True,900,1600,2,40,1,65.76%,92.55,-180,2.28618,-0.45862,-1.19818,0.907,0.577,6.343,120.0,10.9,100000,55786
346,True,900,1600,2,40,1,65.76%,70.05,-429,0.94036,-1.61527,-1.19934,0.621,0.548,6.685,113.45,17.75,100000,56777
347,True,900,1600,2,40,1,65.6%,94.0,-291,0.09772,-1.10482,-1.19827,3.346,0.057,6.414,108.35,15.85,100000,51596
348,True,900,1600,2,40,1,65.84%,56.5,-434,-0.54586,-1.3702,-1.19995,9.783,0.577,6.616,124.2,12.5,100000,57967
349,True,900,1600,2,40,1,66.0%,58.95,-338,-1.15252,-1.29905,-1.19814,0.835,0.577,6.353,115.95,12.9,100000,63687
350,True,900,1600,2,40,1,65.44%,91.65,-78,0.78993,-0.52897,-1.2033,1.151,0.577,6.329,112.35,18.65,100000,47216
351,False,900,1600,2,40,1,64.0%,0.0,-1,,,,,,,,,100000,0
352,False,900,1600,2,40,1,64.0%,0.0,0,,,,,,,,,100000,0
353,False,900,1600,2,40,1,64.0%,0.0,-1,,,,,,,,,100000,0
354,True,900,1600,2,40,1,65.92%,92.95,-227,0.10845,-1.39557,-1.19884,0.609,0.55,6.185,104.55,16.0,100000,61628
355,False,900,1600,2,40,1,64.0%,0.0,-1,,,,,,,,,100000,0
356,True,900,1600,2,40,1,65.76%,60.65,-327,-0.14283,-1.26246,-1.19938,0.52,0.548,5.757,118.65,16.8,100000,55545
357,False,900,1600,2,40,1,64.0%,0.0,0,,,,,,,,,100000,0
358,False,900,1600,2,40,1,64.0%,0.0,0,,,,,,,,,100000,0
359,True,900,1600,2,40,1,66.08%,89.65,-340,-0.25038,-0.88774,-1.1985,3.095,nan,6.216,111.0,11.05,100000,66412
360,True,900,1600,2,40,1,65.84%,67.8,-116,0.16736,-0.90602,-1.19802,0.931,1.575,6.272,115.15,17.05,100000,58871
361,True,900,1600,2,40,1,66.32%,57.35,-787,-0.40514,-0.66184,-1.2007,0.665,0.577,5.775,97.3,12.4,100000,72827
362,True,900,1600,2,40,1,65.52%,74.3,-272,-0.79622,-1.01286,-1.19999,0.693,0.548,6.835,111.45,18.7,100000,49383
363,True,900,1600,2,40,1,65.92%,79.35,-144,-0.18477,-1.15558,-1.19889,1.894,2.012,6.662,101.85,14.7,100000,60676
364,True,900,1600,2,40,1,65.84%,63.05,-276,-0.45697,-1.08323,-1.2012,0.633,nan,6.456,111.5,17.5,100000,57807
365,True,900,1600,2,40,1,65.28%,53.8,-244,-1.06699,-0.98269,-1.20397,0.678,0.577,6.373,128.6,17.9,100000,40214
366,False,900,1600,2,40,1,64.0%,0.0,0,,,,,,,,,100000,0
367,True,900,1600,2,40,1,65.84%,68.85,-430,0.38446,-0.64071,-1.2002,0.598,nan,6.717,113.25,9.05,100000,59436
368,False,900,1600,2,40,1,64.0%,0.0,-1,,,,,,,,,100000,0
369,True,900,1600,2,40,1,65.6%,92.0,-130,0.37123,-0.84995,-1.20116,1.171,0.577,6.333,112.25,18.4,100000,52043
370,True,900,1600,2,40,1,66.08%,90.1,-458,-0.13538,-1.16385,-1.19836,3.288,0.577,6.004,108.15,11.9,100000,66314
371,True,900,1600,2,40,1,65.84%,57.85,-344,-0.48699,-1.04734,-1.20305,0.515,0.013,5.625,125.75,10.2,100000,59860
372,False,900,1600,2,40,1,64.0%,0.0,0,,,,,,,,,100000,0
373,False,900,1600,2,40,1,64.0%,0.0,0,,,,,,,,,100000,0
374,True,900,1600,2,40,1,66.88%,69.35,-559,-1.56905,-1.53428,-1.20156,0.592,0.213,5.434,130.8,17.7,100000,90061
375,True,900,1600,2,40,1,65.6%,92.1,-125,-0.99897,-0.71551,-1.20284,0.614,0.566,7.256,118.95,10.75,100000,52237
376,False,900,1600,2,40,1,64.0%,0.0,0,,,,,,,,,100000,0
377,True,900,1600,2,40,1,66.16%,84.15,-451,0.25932,-1.2301,-1.19886,0.55,0.577,6.575,118.9,15.25,100000,69051
378,True,900,1600,2,40,1,66.08%,53.3,-563,-0.17893,-1.18886,-1.20277,0.773,0.816,6.548,111.45,7.05,100000,67420
379,True,900,1600,2,40,1,65.36%,93.65,-183,0.20987,-1.18281,-1.19953,0.774,0.805,6.66,111.65,19.35,100000,44323
380,True,900,1600,2,40,1,66.08%,75.95,-601,-0.07994,0.67099,-1.19829,0.801,0.534,5.954,122.95,25.05,100000,66068
381,True,900,1600,2,40,1,65.92%,55.1,-440,-0.35066,-1.19712,-1.2021,0.511,0.707,6.318,110.35,15.55,100000,60194
382,False,900,1600,2,40,1,64.0%,0.0,-1,,,,,,,,,100000,0
383,False,900,1600,2,40,1,64.0%,0.0,-1,,,,,,,,,100000,0
384,False,900,1600,2,40,1,64.0%,0.0,0,,,,,,,,,100000,0
385,True,900,1600,2,40,1,66.0%,64.5,-286,-0.25895,-0.76354,-1.19925,0.732,1.151,5.963,120.2,24.75,100000,63113
386,False,900,1600,2,40,1,64.0%,0.0,-1,,,,,,,,,100000,0
387,False,900,1600,2,40,1,64.0%,0.0,0,,,,,,,,,100000,0
388,True,900,1600,2,40,1,66.0%,61.55,-277,-0.14353,-0.83434,-1.20058,0.547,0.259,6.385,117.4,13.9,100000,64523
389,True,900,1600,2,40,1,66.16%,80.75,-466,-0.69774,-0.76749,-1.1995,0.5,0.577,6.357,108.4,11.6,100000,69275
390,True,900,1600,2,40,1,65.6%,65.4,-204,-0.27273,-0.93857,-1.19886,16.324,0.535,6.629,110.75,14.25,100000,50589
391,False,900,1600,2,40,1,64.0%,0.0,0,,,,,,,,,100000,0
392,True,900,1600,2,40,1,65.68%,83.3,-496,-0.17502,-1.13755,-1.19741,0.583,0.49,6.715,103.4,20.2,100000,53523
393,False,900,1600,2,40,1,64.0%,0.0,0,,,,,,,,,100000,0
394,True,900,1600,2,40,1,65.76%,62.45,-372,-0.70522,-0.90229,-1.19861,0.686,0.548,5.698,124.0,11.15,100000,56617
395,True,900,1600,2,40,1,65.68%,94.5,-219,0.25733,-1.22124,-1.20254,0.711,0.468,6.337,100.25,20.05,100000,54733
396,True,900,1600,2,40,1,65.2%,94.4,-39,-0.53718,0.47584,-1.19578,0.513,0.577,7.354,123.45,16.5,100000,38894
397,True,900,1600,2,40,1,65.76%,92.9,-167,-0.43701,-1.12814,-1.20351,0.481,0.419,5.979,117.45,12.0,100000,57381
398,True,900,1600,2,40,1,65.84%,56.0,-239,-0.73336,-0.70536,-1.20047,0.546,0.577,6.186,121.65,7.8,100000,57895
399,False,900,1600,2,40,1,64.0%,0.0,0,,,,,,,,,100000,0
400,True,900,1600,2,40,1,66.0%,57.2,-348,-0.92082,-0.58522,-1.19839,0.516,nan,6.396,106.35,11.65,100000,63916
401,True,900,1600,2,40,1,65.92%,63.1,-452,0.41357,-1.08365,-1.19797,0.712,0.548,6.568,122.45,11.05,100000,61118
402,True,900,1600,2,40,1,66.08%,61.35,-627,-0.30825,-1.17969,-1.20177,0.936,0.577,6.49,111.45,12.05,100000,65199
403,False,900,1600,2,40,1,64.0%,0.0,0,,,,,,,,,100000,0
404,True,900,1600,2,40,1,65.76%,54.35,-496,-0.22877,-1.59991,-1.20382,0.723,0.338,6.299,106.75,17.0,100000,57418
405,True,900,1600,2,40,1,65.76%,53.75,-405,-0.72632,-0.33143,-1.20316,0.783,0.548,6.369,115.1,6.5,100000,57340
406,True,900,1600,2,40,1,65.92%,73.15,-493,-0.42619,2.24667,-1.19835,0.606,0.577,6.062,104.9,17.25,100000,61459
407,True,900,1600,2,40,1,65.68%,71.55,-554,0.83597,2.2428,-1.19773,0.585,0.472,6.873,105.85,7.95,100000,53363
408,False,900,1600,2,40,1,64.0%,0.0,0,,,,,,,,,100000,0
409,True,900,1600,2,40,1,65.2%,94.85,-115,0.55364,-0.53225,-1.19516,4.101,7.964,6.458,95.45,25.45,100000,38761
410,True,900,1600,2,40,1,65.68%,91.7,-499,-0.03683,-0.70641,-1.19912,0.607,0.521,6.798,108.05,13.4,100000,54243
411,True,900,1600,2,40,1,66.0%,74.45,-400,-0.03202,0.19017,-1.20276,0.648,nan,6.124,112.85,15.65,100000,62605
412,True,900,1600,2,40,1,65.92%,71.1,-596,0.72071,0.54266,-1.20056,0.571,0.312,6.406,120.95,12.15,100000,60379
413,True,900,1600,2,40,1,65.84%,92.05,-327,-0.48958,-1.28146,-1.19845,0.902,0.577,6.163,104.4,10.8,100000,59040
414,True,900,1600,2,40,1,65.84%,66.8,-213,-0.07416,-0.91566,-1.20083,0.787,0.693,5.964,115.55,23.15,100000,59542
415,False,900,1600,2,40,1,64.0%,0.0,0,,,,,,,,,100000,0
416,True,900,1600,2,40,1,65.84%,91.5,-208,-0.60882,-0.60399,-1.19887,0.542,0.577,6.556,118.2,16.05,100000,59159
417,True,900,1600,2,40,1,65.68%,93.0,-266,-0.25981,-1.48988,-1.19955,0.6,nan,6.527,102.25,14.45,100000,54319
418,True,900,1600,2,40,1,65.84%,85.65,-435,1.20476,-0.77962,-1.19818,0.509,0.577,5.992,112.85,19.6,100000,58942
419,True,900,1600,2,40,1,65.92%,90.2,-385,0.16332,-1.38031,-1.20334,0.606,0.354,6.71,101.75,10.7,100000,62433
420,True,900,1600,2,40,1,65.92%,89.95,-323,0.75441,-1.0681,-1.20096,0.498,0.577,6.751,112.95,15.05,100000,60326
421,True,900,1600,2,40,1,65.92%,55.3,-439,-0.54016,-1.39364,-1.20033,0.71,nan,6.259,106.25,13.55,100000,60412
422,True,900,1600,2,40,1,66.16%,66.8,-410,-0.93642,-0.77772,-1.19879,0.509,0.577,5.934,121.35,11.6,100000,68305
423,True,900,1600,2,40,1,65.92%,64.9,-372,-0.21281,-1.32573,-1.19813,7.571,0.577,6.394,107.25,9.05,100000,61342
424,True,900,1600,2,40,1,66.08%,58.45,-311,-0.81538,-0.64995,-1.20097,0.514,0.548,5.468,117.3,13.6,100000,67112
425,True,900,1600,2,40,1,65.84%,62.05,-488,-0.33665,-1.14323,-1.19919,0.508,0.577,6.548,111.25,12.9,100000,59234
426,True,900,1600,2,40,1,65.76%,59.45,-326,-0.59133,-1.21527,-1.19976,0.631,0.577,6.0,112.4,16.8,100000,55489
427,True,900,1600,2,40,1,66.32%,90.85,-230,-0.26411,-0.62836,-1.19865,0.627,nan,5.912,113.5,14.35,100000,73777
428,False,900,1600,2,40,1,64.0%,0.0,-1,,,,,,,,,100000,0
429,False,900,1600,2,40,1,64.0%,0.0,0,,,,,,,,,100000,0
430,True,900,1600,2,40,1,65.84%,73.85,-151,-1.08076,-1.07593,-1.19969,0.54,0.158,6.944,124.15,6.55,100000,59341
431,True,900,1600,2,40,1,65.68%,77.95,-250,-0.08452,-1.09444,-1.20124,0.697,nan,6.508,104.7,10.95,100000,52821
432,True,900,1600,2,40,1,65.84%,92.4,-252,-0.15404,-0.95634,-1.19957,0.519,0.577,6.115,116.4,6.3,100000,59316
433,False,900,1600,2,40,1,64.0%,0.0,-1,,,,,,,,,100000,0
434,True,900,1600,2,40,1,65.68%,60.2,-464,-0.22422,-0.96389,-1.19857,0.634,1.153,6.598,102.0,12.85,100000,54133
435,True,900,1600,2,40,1,65.76%,93.05,-471,0.11488,-1.4695,-1.19975,1.217,0.544,6.027,106.0,22.5,100000,56852
436,False,900,1600,2,40,1,64.0%,0.0,0,,,,,,,,,100000,0
437,True,900,1600,2,40,1,65.84%,90.0,-175,-0.49522,-1.28796,-1.20398,1.568,0.577,6.181,113.5,31.1,100000,57544
438,False,900,1600,2,40,1,64.0%,0.0,-1,,,,,,,,,100000,0
439,True,900,1600,2,40,1,65.84%,60.05,-577,-0.44244,-1.3308,-1.19788,0.583,nan,6.313,121.1,10.1,100000,58775
440,True,900,1600,2,40,1,66.24%,56.85,-484,-0.11159,-0.56298,-1.19858,0.59,0.577,6.403,120.55,16.4,100000,71002
441,True,900,1600,2,40,1,65.92%,76.8,-420,0.56501,-1.34026,-1.19803,2.222,nan,6.643,118.05,16.35,100000,61258
442,True,900,1600,2,40,1,65.92%,60.5,-822,-0.40806,-0.62679,-1.2009,0.57,nan,6.474,107.9,13.1,100000,62069
443,True,900,1600,2,40,1,65.52%,70.55,-441,-0.07946,-0.69489,-1.19795,1.019,0.548,6.583,97.25,9.9,100000,49064
444,True,900,1600,2,40,1,65.6%,92.0,-267,0.138,-1.1531,-1.20094,0.594,0.474,6.97,109.55,31.1,100000,50356
445,True,900,1600,2,40,1,65.84%,59.75,-450,-0.42902,-1.55217,-1.19797,0.504,0.577,5.669,120.05,15.6,100000,58839
446,True,900,1600,2,40,1,65.44%,92.45,-371,0.27571,-0.73415,-1.19701,0.498,0.577,7.066,96.1,10.7,100000,45822
447,True,900,1600,2,40,1,65.92%,58.35,-527,-0.22906,0.09117,-1.19808,0.655,0.92,6.841,109.0,10.95,100000,61304
448,True,900,1600,2,40,1,65.6%,91.2,-243,-0.37505,-0.68331,-1.20072,3.084,0.707,6.547,108.5,9.6,100000,51987
449,True,900,1600,2,40,1,66.16%,93.15,-67,0.17511,-0.54586,-1.20145,0.496,0.0,6.057,123.3,14.0,100000,69721
450,True,900,1600,2,40,1,65.76%,62.15,-361,-0.51773,-1.1537,-1.19999,0.599,0.726,6.949,105.65,10.0,100000,55458
451,True,900,1600,2,40,1,65.92%,86.15,-404,-0.69167,-1.55191,-1.19804,1.118,0.548,5.864,119.1,11.45,100000,61014
452,False,900,1600,2,40,1,64.0%,0.0,-1,,,,,,,,,100000,0
453,True,900,1600,2,40,1,65.6%,70.65,-230,1.15683,0.0422,-1.2054,0.592,0.825,6.405,119.05,19.45,100000,52495
454,True,900,1600,2,40,1,65.84%,56.35,-258,-0.96502,-0.61852,-1.2006,0.593,0.577,5.934,115.5,12.6,100000,59504
455,True,900,1600,2,40,1,65.76%,88.9,-341,-0.65421,-0.93223,-1.19934,0.514,0.577,6.259,114.5,10.5,100000,56776
456,True,900,1600,2,40,1,66.0%,56.0,-300,-0.45542,-1.34882,-1.19959,0.531,0.577,6.542,114.75,17.95,100000,63040
457,True,900,1600,2,40,1,65.92%,91.6,-314,0.69848,-0.57326,-1.19947,0.558,0.707,6.493,114.8,18.2,100000,60552
458,False,900,1600,2,40,1,64.0%,0.0,0,,,,,,,,,100000,0
459,False,900,1600,2,40,1,64.0%,0.0,-1,,,,,,,,,100000,0
460,True,900,1600,2,40,1,65.52%,93.55,-49,1.17109,-0.79466,-1.20133,0.534,nan,6.039,113.75,18.45,100000,49545
461,True,900,1600,2,40,1,65.68%,90.65,-296,0.03133,-0.70128,-1.1982,1.094,0.577,6.276,112.2,24.15,100000,54044
462,True,900,1600,2,40,1,65.68%,58.0,-205,-1.18544,-0.93458,-1.19749,2.539,6.009,6.128,127.45,21.45,100000,53789
463,True,900,1600,2,40,1,66.48%,55.5,-743,-0.76488,-0.50658,-1.19888,0.598,nan,6.48,104.4,10.9,100000,78464
464,True,900,1600,2,40,1,65.68%,93.1,-280,0.63021,-0.7904,-1.19988,0.875,nan,6.838,95.45,22.8,100000,52968
465,True,900,1600,2,40,1,65.6%,65.35,-182,-0.17955,-0.29725,-1.19946,0.754,0.39,6.596,96.0,13.7,100000,50511
466,True,900,1600,2,40,1,66.0%,73.25,-451,-0.60629,-0.50182,-1.20024,0.681,0.795,5.67,108.35,16.2,100000,64456
467,True,900,1600,2,40,1,65.76%,78.0,-490,-0.11862,-1.52479,-1.19774,0.662,0.577,6.618,104.3,13.4,100000,56312
468,True,900,1600,2,40,1,65.68%,64.65,-233,0.16639,-1.28583,-1.19745,0.548,0.498,7.1,111.65,16.25,100000,53762
469,False,900,1600,2,40,1,64.0%,0.0,-1,,,,,,,,,100000,0
470,True,900,1600,2,40,1,65.92%,92.1,-676,-0.26936,-0.49609,-1.20378,0.706,0.758,6.348,105.4,8.95,100000,62491
471,True,900,1600,2,40,1,66.16%,61.1,-363,0.10656,-1.25357,-1.20263,1.254,0.548,6.105,118.2,20.85,100000,67575
472,False,900,1600,2,40,1,64.0%,0.0,0,,,,,,,,,100000,0
473,False,900,1600,2,40,1,64.0%,0.0,0,,,,,,,,,100000,0
474,True,900,1600,2,40,1,66.24%,73.2,-466,-0.65814,-1.1907,-1.19945,0.65,nan,6.059,109.6,23.65,100000,70607
475,True,900,1600,2,40,1,66.24%,63.35,-324,-0.3006,-1.28075,-1.20066,0.601,0.702,6.503,111.3,6.4,100000,72074
476,False,900,1600,2,40,1,64.0%,0.0,0,,,,,,,,,100000,0
477,True,900,1600,2,40,1,65.76%,64.5,-434,-0.35118,-1.52188,-1.19871,0.516,nan,6.41,107.2,4.55,100000,56641
478,False,900,1600,2,40,1,64.0%,0.0,0,,,,,,,,,100000,0
479,False,900,1600,2,40,1,64.0%,0.0,0,,,,,,,,,100000,0
480,True,900,1600,2,40,1,66.24%,65.65,-272,-0.75128,-1.11252,-1.20211,0.5,0.577,5.863,115.85,20.85,100000,72369
481,False,900,1600,2,40,1,64.0%,0.0,0,,,,,,,,,100000,0
482,True,900,1600,2,40,1,66.16%,52.6,-317,-1.23344,-1.27965,-1.19843,0.496,0.527,5.684,126.65,13.55,100000,68761
483,True,900,1600,2,40,1,65.92%,78.25,-369,0.07359,-1.0681,-1.19802,0.495,0.539,5.875,118.5,12.65,100000,61032
484,True,900,1600,2,40,1,66.24%,78.5,-235,-0.54378,-0.47697,-1.19863,0.691,0.833,5.764,111.8,8.7,100000,71366
485,True,900,1600,2,40,1,65.76%,92.5,-337,-0.41019,-0.70175,-1.19961,0.543,nan,7.036,121.4,13.45,100000,55510
486,False,900,1600,2,40,1,64.0%,0.0,0,,,,,,,,,100000,0
487,True,900,1600,2,40,1,66.32%,91.05,-319,-0.36794,-1.15615,-1.19895,0.501,nan,5.544,99.7,16.7,100000,74022
488,False,900,1600,2,40,1,64.0%,0.0,0,,,,,,,,,100000,0
489,True,900,1600,2,40,1,65.84%,74.65,-340,-0.75572,-1.21343,-1.20341,0.677,0.577,6.426,95.15,9.15,100000,59906
490,True,900,1600,2,40,1,66.08%,63.5,-739,-0.17263,-1.40067,-1.19834,0.549,0.34,6.841,105.0,9.1,100000,66003
491,False,900,1600,2,40,1,64.0%,0.0,-1,,,,,,,,,100000,0
492,False,900,1600,2,40,1,64.0%,0.0,0,,,,,,,,,100000,0
493,True,900,1600,2,40,1,66.0%,58.55,-378,-0.37591,-1.26664,-1.1982,0.493,0.548,5.362,113.65,12.35,100000,63787
494,True,900,1600,2,40,1,65.76%,58.85,-349,-0.08085,-0.28706,-1.19778,0.516,0.577,6.418,100.2,6.05,100000,56336
495,False,900,1600,2,40,1,64.0%,0.0,0,,,,,,,,,100000,0
496,True,900,1600,2,40,1,66.0%,78.6,-308,-0.79791,-1.41749,-1.19922,0.582,0.737,6.545,125.6,16.25,100000,64217
497,True,900,1600,2,40,1,66.0%,55.85,-271,-0.48079,-1.27272,-1.20087,8.636,0.577,6.597,118.55,5.95,100000,64577
498,False,900,1600,2,40,1,64.0%,0.0,-1,,,,,,,,,100000,0
499,True,900,1600,2,40,1,65.36%,90.15,-179,-0.08139,-0.14997,-1.19612,0.645,0.762,6.551,104.35,22.55,100000,43732
500,True,900,1600,2,40,1,65.76%,55.8,-479,-0.21362,-0.61479,-1.20297,0.793,0.577,5.962,102.9,14.65,100000,57316
501,True,900,1600,2,40,1,66.08%,62.6,-385,-0.58726,-1.27779,-1.20021,0.509,0.548,6.812,108.5,17.25,100000,65428
502,True,900,1600,2,40,1,65.68%,93.25,-135,-0.48502,-1.10615,-1.19758,0.516,nan,6.75,110.95,17.0,100000,53419
503,False,900,1600,2,40,1,64.0%,0.0,-1,,,,,,,,,100000,0
504,True,900,1600,2,40,1,65.76%,79.05,-542,-0.68476,1.89998,-1.198,0.523,0.548,6.95,101.9,10.95,100000,55842
505,True,900,1600,2,40,1,66.32%,90.1,-572,-0.01498,-1.36994,-1.19951,1.229,0.577,5.772,107.0,9.1,100000,74262
506,False,900,1600,2,40,1,64.0%,0.0,0,,,,,,,,,100000,0
507,True,900,1600,2,40,1,65.84%,54.5,-620,0.00529,-1.3339,-1.1978,0.862,0.577,6.424,116.5,8.05,100000,58666
508,True,900,1600,2,40,1,65.6%,89.65,-193,-0.09442,-1.38344,-1.19837,0.511,0.548,6.534,104.65,10.0,100000,51617
509,True,900,1600,2,40,1,66.0%,91.4,-388,-0.0663,-1.06957,-1.20326,1.089,2.585,6.397,102.5,9.55,100000,64958
510,True,900,1600,2,40,1,65.92%,74.3,-853,0.14592,2.35321,-1.20234,0.514,nan,6.58,105.45,8.2,100000,62294
511,False,900,1600,2,40,1,64.0%,0.0,0,,,,,,,,,100000,0
512,True,900,1600,2,40,1,65.36%,91.75,-281,0.4314,1.0011,-1.19784,3.807,9.961,6.535,104.0,9.05,100000,44111
513,True,900,1600,2,40,1,66.16%,63.55,-154,-0.47522,-0.61045,-1.19873,0.515,0.577,6.453,119.3,6.75,100000,68331
514,True,900,1600,2,40,1,65.92%,90.85,-429,-0.21464,0.24502,-1.19836,0.629,nan,5.606,120.35,17.75,100000,60836
515,True,900,1600,2,40,1,66.32%,54.0,-327,-1.08157,-1.18539,-1.19874,1.717,0.548,6.495,113.35,6.1,100000,73437
516,True,900,1600,2,40,1,65.84%,91.05,-385,-0.36086,-1.12231,-1.19851,0.708,0.577,6.678,106.8,17.55,100000,58240
517,False,900,1600,2,40,1,64.0%,0.0,0,,,,,,,,,100000,0
518,True,900,1600,2,40,1,65.44%,93.2,-164,0.18524,-1.15343,-1.19678,4.059,0.548,6.879,93.15,14.6,100000,45879
519,True,900,1600,2,40,1,65.92%,58.7,-494,-0.68822,-1.52336,-1.19802,0.578,0.51,6.143,107.3,9.7,100000,61254
520,True,900,1600,2,40,1,65.6%,65.15,-248,0.09913,-0.80367,-1.19837,1.002,0.525,6.984,112.3,17.9,100000,50665
521,True,900,1600,2,40,1,66.0%,56.55,-716,-0.20905,-1.26135,-1.20031,0.577,nan,6.964,117.9,0.15,100000,62914
522,True,900,1600,2,40,1,65.84%,56.75,-366,-0.29192,-0.95449,-1.20276,0.503,nan,6.512,111.4,6.8,100000,59822
523,True,900,1600,2,40,1,66.08%,54.0,-418,-0.26762,-0.54762,-1.19983,0.516,0.577,6.46,116.05,4.75,100000,65500
524,False,900,1600,2,40,1,64.0%,0.0,-1,,,,,,,,,100000,0
525,False,900,1600,2,40,1,64.0%,0.0,0,,,,,,,,,100000,0
526,True,900,1600,2,40,1,65.44%,57.3,-270,-0.27872,-1.00969,-1.19694,1.546,nan,7.023,98.65,14.2,100000,46389
527,True,900,1600,2,40,1,65.92%,92.1,-634,0.24355,-1.02868,-1.19833,0.524,0.577,6.517,108.3,21.15,100000,60846
528,True,900,1600,2,40,1,65.76%,70.8,-544,0.09914,-0.53777,-1.19761,8.078,nan,6.122,107.25,18.05,100000,56059
529,True,900,1600,2,40,1,66.16%,80.3,-536,-0.1177,-1.15072,-1.20111,3.831,0.472,6.004,125.45,10.65,100000,67776
530,True,900,1600,2,40,1,66.08%,90.05,-642,-0.0329,-1.20129,-1.19905,0.522,0.707,6.351,117.05,6.2,100000,66647
531,True,900,1600,2,40,1,65.76%,62.55,-432,-0.27582,0.20099,-1.20289,0.698,0.749,6.828,109.6,13.65,100000,57307
532,True,900,1600,2,40,1,65.68%,60.95,-448,-0.39587,-0.71253,-1.20348,0.524,0.548,6.414,116.3,10.45,100000,54841
533,True,900,1600,2,40,1,66.08%,90.3,-276,-0.39042,-1.43989,-1.19893,0.786,nan,6.017,117.0,19.9,100000,66608
534,True,900,1600,2,40,1,66.16%,56.4,-340,-0.36846,-1.24396,-1.20109,0.657,nan,6.696,94.4,8.6,100000,69651
535,True,900,1600,2,40,1,65.84%,65.6,-187,-1.38087,-0.92744,-1.19969,1.646,0.577,6.558,129.05,22.15,100000,59340
536,True,900,1600,2,40,1,65.68%,61.25,-317,-0.10031,-1.39688,-1.19863,0.988,0.336,6.419,110.1,12.55,100000,53150
537,False,900,1600,2,40,1,64.0%,0.0,0,,,,,,,,,100000,0
538,False,900,1600,2,40,1,64.0%,0.0,-1,,,,,,,,,100000,0
539,True,900,1600,2,40,1,65.76%,91.75,-149,-0.1966,-0.98074,-1.20229,1.813,0.755,6.878,125.65,30.45,100000,57231
540,False,900,1600,2,40,1,64.0%,0.0,0,,,,,,,,,100000,0
541,True,900,1600,2,40,1,65.36%,91.75,-365,2.1931,-0.22786,-1.19598,0.703,nan,7.559,113.5,18.05,100000,43611
542,True,900,1600,2,40,1,65.84%,63.8,-251,-1.49277,-1.57564,-1.19971,0.49,0.577,6.275,125.25,13.4,100000,58003
543,True,900,1600,2,40,1,65.92%,54.75,-734,-0.5803,-1.01416,-1.20358,1.791,nan,6.06,105.5,16.3,100000,62465
544,False,900,1600,2,40,1,64.0%,0.0,0,,,,,,,,,100000,0
545,False,900,1600,2,40,1,64.0%,0.0,-1,,,,,,,,,100000,0
546,False,900,1600,2,40,1,64.0%,0.0,0,,,,,,,,,100000,0
547,True,900,1600,2,40,1,65.52%,66.35,-284,1.02008,-1.29131,-1.19955,0.648,0.577,6.594,118.9,12.85,100000,47991
548,False,900,1600,2,40,1,64.0%,0.0,0,,,,,,,,,100000,0
549,False,900,1600,2,40,1,64.0%,0.0,0,,,,,,,,,100000,0
550,True,900,1600,2,40,1,65.76%,72.95,-316,-0.16351,-0.94407,-1.19763,0.612,0.542,6.508,117.35,19.85,100000,56224
551,True,900,1600,2,40,1,66.0%,91.2,-866,-0.05572,4.45633,-1.20237,0.512,nan,6.086,118.3,8.25,100000,64827
552,True,900,1600,2,40,1,65.6%,90.25,-132,-0.45919,-0.87702,-1.19796,4.166,0.548,6.646,114.65,30.75,100000,51526
553,False,900,1600,2,40,1,64.0%,0.0,0,,,,,,,,,100000,0
554,False,900,1600,2,40,1,64.0%,0.0,-1,,,,,,,,,100000,0
555,True,900,1600,2,40,1,65.84%,54.45,-339,0.80804,-0.91531,-1.20394,0.661,0.535,6.376,118.35,14.45,100000,59972
556,True,900,1600,2,40,1,65.52%,91.35,-203,0.29125,-1.16412,-1.20185,2.906,6.077,6.289,97.95,13.6,100000,49602
557,True,900,1600,2,40,1,65.92%,91.6,-491,-0.2089,-0.74841,-1.1981,0.619,nan,6.196,108.75,14.4,100000,60965
558,True,900,1600,2,40,1,65.76%,91.2,-328,0.7158,-1.36997,-1.19895,0.746,0.535,6.725,111.75,12.1,100000,55617
559,True,900,1600,2,40,1,65.76%,90.95,-243,-0.4033,-1.18115,-1.19763,0.519,0.0,7.057,119.9,14.7,100000,56034
560,True,900,1600,2,40,1,65.76%,88.9,-478,0.17298,0.39184,-1.1976,0.706,0.577,6.487,116.2,7.3,100000,56083
561,True,900,1600,2,40,1,65.84%,59.35,-866,0.61792,-0.81736,-1.20396,0.685,1.129,6.667,113.5,18.6,100000,57546
562,True,900,1600,2,40,1,66.0%,56.2,-294,-0.27408,-1.4783,-1.19928,0.521,0.577,6.279,117.85,22.0,100000,64234
563,True,900,1600,2,40,1,65.52%,92.45,-361,-0.11096,-1.46866,-1.20209,2.704,0.577,6.682,98.1,23.7,100000,49628
564,True,900,1600,2,40,1,65.6%,93.45,-279,0.33723,-0.16332,-1.20211,2.52,0.216,6.63,100.8,18.75,100000,52155
565,False,900,1600,2,40,1,64.0%,0.0,0,,,,,,,,,100000,0
566,True,900,1600,2,40,1,66.16%,63.9,-461,-0.58981,-1.54137,-1.20262,0.629,0.707,5.47,104.2,12.35,100000,69927
567,True,900,1600,2,40,1,65.6%,65.25,-304,-0.4788,-0.76832,-1.19951,0.616,1.0,6.399,117.6,18.9,100000,51817
568,True,900,1600,2,40,1,66.0%,91.55,-660,0.0274,-1.45933,-1.19876,0.724,nan,6.4,115.95,13.0,100000,64075
569,False,900,1600,2,40,1,64.0%,0.0,0,,,,,,,,,100000,0
570,True,900,1600,2,40,1,65.44%,52.8,-170,-0.55678,-0.45358,-1.19988,0.525,nan,6.738,122.75,14.15,100000,46865
571,True,900,1600,2,40,1,65.76%,75.25,-387,-0.5845,-0.75328,-1.20011,1.387,nan,6.282,98.2,12.4,100000,56914
572,True,900,1600,2,40,1,66.08%,54.8,-224,-0.36279,-0.22641,-1.19891,10.305,0.577,6.505,114.85,6.2,100000,66600
573,False,900,1600,2,40,1,64.0%,0.0,0,,,,,,,,,100000,0
574,False,900,1600,2,40,1,64.0%,0.0,-1,,,,,,,,,100000,0
575,True,900,1600,2,40,1,65.92%,69.25,-338,0.26199,-1.04999,-1.19937,0.595,0.548,6.576,105.35,10.75,100000,61767
576,True,900,1600,2,40,1,66.0%,60.5,-433,-0.5549,0.21614,-1.19964,0.633,0.577,6.188,100.15,20.5,100000,63030
577,True,900,1600,2,40,1,66.16%,64.2,-502,-0.62076,-0.73065,-1.20231,0.725,0.577,6.2,114.85,12.55,100000,69875
578,True,900,1600,2,40,1,65.92%,53.05,-328,-0.47951,-1.3468,-1.19797,0.581,0.577,6.731,110.7,12.5,100000,61156
579,True,900,1600,2,40,1,65.52%,57.75,-506,-0.60791,-0.43246,-1.19718,0.798,1.676,6.776,115.1,18.05,100000,48871
580,True,900,1600,2,40,1,65.76%,59.15,-273,0.02978,-0.31498,-1.2007,0.655,0.502,6.462,100.55,8.15,100000,55370
581,True,900,1600,2,40,1,65.52%,61.45,-329,-0.00821,-1.44173,-1.20355,0.576,0.577,6.93,117.85,7.3,100000,49775
582,False,900,1600,2,40,1,64.0%,0.0,0,,,,,,,,,100000,0
583,True,900,1600,2,40,1,66.24%,69.25,-447,-0.55344,1.6798,-1.203,1.122,0.566,6.287,110.5,13.25,100000,70008
584,True,900,1600,2,40,1,66.0%,81.65,-306,-0.83765,-1.19632,-1.19824,0.508,0.577,6.469,122.45,20.2,100000,63821
585,True,900,1600,2,40,1,65.68%,83.7,-611,-0.64653,-0.06221,-1.19765,0.492,0.577,6.074,102.65,20.65,100000,53392
586,True,900,1600,2,40,1,65.68%,90.1,-299,0.28352,0.07464,-1.19902,0.85,0.577,6.795,107.7,21.35,100000,54225
587,True,900,1600,2,40,1,65.76%,93.1,-164,0.18766,-1.61029,-1.20045,0.516,0.577,7.104,108.5,6.8,100000,56970
588,True,900,1600,2,40,1,65.36%,78.8,-305,-0.16803,0.08246,-1.20639,0.506,0.545,6.291,111.2,40.0,100000,42580
589,False,900,1600,2,40,1,64.0%,0.0,-1,,,,,,,,,100000,0
590,False,900,1600,2,40,1,64.0%,0.0,0,,,,,,,,,100000,0
591,True,900,1600,2,40,1,65.68%,74.75,-344,-0.4777,-1.59664,-1.20163,0.625,0.496,6.448,114.15,19.85,100000,54621
592,False,900,1600,2,40,1,64.0%,0.0,0,,,,,,,,,100000,0
593,False,900,1600,2,40,1,64.0%,0.0,-1,,,,,,,,,100000,0
594,True,900,1600,2,40,1,66.4%,69.7,-397,-1.11393,-1.55676,-1.2001,0.709,0.114,5.791,113.8,18.75,100000,75450
595,False,900,1600,2,40,1,64.0%,0.0,-1,,,,,,,,,100000,0
596,False,900,1600,2,40,1,64.0%,0.0,-1,,,,,,,,,100000,0
597,False,900,1600,2,40,1,64.0%,0.0,-1,,,,,,,,,100000,0
598,True,900,1600,2,40,1,65.76%,90.6,-495,-0.02213,-1.31138,-1.20485,0.67,0.55,6.624,119.15,18.85,100000,55008
599,True,900,1600,2,40,1,66.16%,53.65,-960,-0.86179,0.00749,-1.1985,0.557,0.577,6.805,111.05,16.9,100000,68841
600,True,900,1600,2,40,1,66.16%,89.8,-517,-0.45869,-1.60256,-1.1985,5.432,nan,6.598,113.85,16.6,100000,68840
601,True,900,1600,2,40,1,65.6%,75.05,-613,-0.41196,-1.75265,-1.20151,0.519,nan,6.459,103.9,9.15,100000,52085
602,False,900,1600,2,40,1,64.0%,0.0,-1,,,,,,,,,100000,0
603,True,900,1600,2,40,1,65.68%,95.1,-331,-0.81406,-1.70565,-1.19818,0.506,0.577,6.289,119.05,38.9,100000,54040
604,True,900,1600,2,40,1,65.6%,89.25,-329,-0.67914,-1.19697,-1.19747,0.519,nan,6.269,118.55,2.9,100000,50866
605,True,900,1600,2,40,1,66.08%,65.05,-169,-0.14655,-1.29404,-1.20165,0.576,0.577,6.47,109.25,19.6,100000,65214
606,False,900,1600,2,40,1,64.0%,0.0,0,,,,,,,,,100000,0
607,True,900,1600,2,40,1,65.68%,66.4,-388,-0.37746,-1.05124,-1.20232,0.503,nan,6.282,113.95,20.65,100000,54707
608,True,900,1600,2,40,1,65.36%,82.6,-327,1.07037,-0.45506,-1.20269,0.511,nan,6.824,108.1,15.8,100000,42762
609,True,900,1600,2,40,1,65.76%,60.9,-169,-0.42312,-0.2876,-1.1996,0.863,nan,6.858,102.25,10.2,100000,55512
610,True,900,1600,2,40,1,66.08%,60.65,-327,-0.24936,-0.04382,-1.20112,0.553,0.548,6.134,111.7,15.4,100000,65286
611,True,900,1600,2,40,1,66.16%,91.5,-815,-0.70097,-0.83016,-1.19992,9.303,0.577,5.948,117.55,9.55,100000,67985
612,False,900,1600,2,40,1,64.0%,0.0,0,,,,,,,,,100000,0
613,True,900,1600,2,40,1,65.6%,86.45,-120,0.03414,-0.97068,-1.20078,0.612,0.548,6.756,111.4,16.15,100000,51995
614,True,900,1600,2,40,1,65.52%,65.8,-287,0.32359,-0.67977,-1.20019,0.505,0.577,5.991,110.35,12.15,100000,49409
615,False,900,1600,2,40,1,64.0%,0.0,0,,,,,,,,,100000,0
616,True,900,1600,2,40,1,65.92%,62.15,-438,-0.77465,-0.35556,-1.20073,5.204,0.172,6.08,125.9,10.8,100000,62039
617,True,900,1600,2,40,1,66.0%,62.05,-786,0.10677,-0.83841,-1.19813,0.5,0.577,6.094,109.4,9.3,100000,63657
618,True,900,1600,2,40,1,66.0%,90.45,-571,-0.65631,-1.19843,-1.19957,4.155,2.105,6.689,110.5,6.5,100000,63044
619,True,900,1600,2,40,1,65.84%,66.85,-558,0.20841,-1.55518,-1.19828,0.512,nan,6.998,117.75,9.55,100000,58983
620,True,900,1600,2,40,1,65.68%,82.1,-349,0.65789,-0.40031,-1.2009,0.637,0.49,6.188,120.45,24.25,100000,54524
621,True,900,1600,2,40,1,65.52%,92.1,-712,-0.0955,5.20873,-1.19881,1.55,0.577,6.736,102.95,26.85,100000,49216
622,True,900,1600,2,40,1,65.84%,91.4,-472,-0.25707,-1.24158,-1.19794,0.528,0.535,6.256,112.35,21.15,100000,58823
623,False,900,1600,2,40,1,64.0%,0.0,0,,,,,,,,,100000,0
624,True,900,1600,2,40,1,65.76%,71.5,-396,-0.0913,-1.11367,-1.20028,0.498,0.328,6.225,103.8,18.3,100000,56942
625,True,900,1600,2,40,1,66.08%,89.75,-547,-0.12249,-1.3795,-1.19963,0.568,0.58,6.418,110.05,25.4,100000,66817
626,False,900,1600,2,40,1,64.0%,0.0,0,,,,,,,,,100000,0
627,True,900,1600,2,40,1,65.44%,92.05,-107,0.03051,-0.70012,-1.1965,0.71,0.563,7.255,125.9,21.0,100000,45991
628,True,900,1600,2,40,1,65.92%,60.65,-583,-0.55047,-0.57826,-1.20331,0.52,0.577,6.205,105.8,3.1,100000,62429
629,False,900,1600,2,40,1,64.0%,0.0,0,,,,,,,,,100000,0
630,True,900,1600,2,40,1,66.08%,61.1,-358,-0.40966,-1.33711,-1.20063,0.498,0.473,6.353,113.25,10.15,100000,67045
631,True,900,1600,2,40,1,66.48%,64.0,-711,-0.66403,1.32667,-1.20173,0.71,0.577,6.079,111.55,11.05,100000,79869
632,True,900,1600,2,40,1,65.84%,74.65,-653,-0.29988,-0.86189,-1.20238,4.113,nan,6.434,105.65,20.15,100000,59771
633,True,900,1600,2,40,1,65.6%,59.85,-318,0.94582,-1.04792,-1.20507,0.536,0.622,6.293,107.4,4.15,100000,52463
634,False,900,1600,2,40,1,64.0%,0.0,-1,,,,,,,,,100000,0
635,True,900,1600,2,40,1,65.36%,66.15,-233,-0.22896,-0.63961,-1.19618,0.532,nan,6.51,106.15,8.05,100000,43761
636,False,900,1600,2,40,1,64.0%,0.0,0,,,,,,,,,100000,0
637,False,900,1600,2,40,1,64.0%,0.0,-1,,,,,,,,,100000,0
638,True,900,1600,2,40,1,66.0%,60.1,-373,-0.21322,-1.1983,-1.19854,1.102,0.744,6.028,120.25,5.35,100000,63987
639,True,900,1600,2,40,1,65.44%,61.5,-294,1.18395,-1.06504,-1.1977,0.541,0.524,6.416,105.6,22.15,100000,46554
640,True,900,1600,2,40,1,65.6%,68.8,-282,-0.24486,0.62711,-1.1994,0.509,0.548,6.075,113.9,12.2,100000,50518
641,True,900,1600,2,40,1,66.0%,85.6,-713,-0.50548,0.21493,-1.19847,0.837,nan,6.258,103.35,14.2,100000,63959
642,True,900,1600,2,40,1,65.92%,52.55,-447,0.01159,-0.91307,-1.20158,0.57,0.577,6.088,105.75,6.8,100000,62179
643,True,900,1600,2,40,1,65.84%,69.85,-205,-0.21632,-1.53927,-1.19869,1.026,0.888,6.24,115.55,12.5,100000,59112
644,True,900,1600,2,40,1,66.08%,84.5,-432,-0.52813,-1.40138,-1.19846,1.929,4.104,6.234,117.4,15.7,100000,66392
645,True,900,1600,2,40,1,65.92%,75.1,-347,-1.25126,-1.56786,-1.20075,0.588,nan,6.26,120.95,20.45,100000,62043
646,True,900,1600,2,40,1,65.76%,90.4,-371,-0.63677,-1.62058,-1.19875,0.514,0.577,6.28,111.15,5.25,100000,56651
647,True,900,1600,2,40,1,65.84%,90.45,-465,-0.6091,-1.3197,-1.19884,0.639,0.535,6.068,114.7,10.65,100000,59151
648,True,900,1600,2,40,1,65.68%,57.95,-407,-0.98434,-1.03856,-1.19789,0.513,0.044,7.068,123.8,14.4,100000,53956
649,True,900,1600,2,40,1,65.6%,57.75,-266,0.86356,-1.4241,-1.20242,0.624,0.524,6.975,119.45,9.5,100000,52191
650,True,900,1600,2,40,1,65.76%,91.05,-334,-0.21061,-1.2173,-1.19975,0.658,0.577,6.255,104.7,11.4,100000,56852
651,False,900,1600,2,40,1,64.0%,0.0,0,,,,,,,,,100000,0
652,True,900,1600,2,40,1,65.92%,85.95,-609,-0.09342,-1.15504,-1.19834,0.519,0.577,6.457,104.05,7.45,100000,61453
653,True,900,1600,2,40,1,66.08%,59.5,-255,-0.35409,-1.31775,-1.19842,0.685,0.529,6.067,113.95,16.65,100000,65939
654,False,900,1600,2,40,1,64.0%,0.0,0,,,,,,,,,100000,0
655,True,900,1600,2,40,1,65.92%,72.1,-262,-0.60164,-1.0893,-1.20085,0.526,0.577,6.62,109.65,17.55,100000,60341
656,True,900,1600,2,40,1,65.52%,91.05,-184,0.00636,-0.56196,-1.20158,12.604,0.707,6.277,128.3,21.55,100000,47810
657,True,900,1600,2,40,1,65.68%,94.4,-297,-0.02174,-1.31424,-1.19861,0.809,0.51,6.493,108.0,23.95,100000,54141
658,False,900,1600,2,40,1,64.0%,0.0,-1,,,,,,,,,100000,0
659,True,900,1600,2,40,1,65.52%,65.3,-180,-0.54867,-0.71507,-1.20069,12.101,nan,5.864,114.45,18.85,100000,49470
660,True,900,1600,2,40,1,65.92%,60.45,-353,-0.63213,-0.59902,-1.19822,1.527,0.665,6.761,112.9,16.9,100000,61393
661,True,900,1600,2,40,1,65.36%,93.0,-199,0.02304,-1.24495,-1.19951,1.482,nan,6.155,96.45,14.7,100000,42975
662,True,900,1600,2,40,1,65.92%,62.2,-355,-0.44122,-1.37171,-1.20207,1.219,0.577,5.886,115.5,10.25,100000,62255
663,False,900,1600,2,40,1,64.0%,0.0,-1,,,,,,,,,100000,0
664,False,900,1600,2,40,1,64.0%,0.0,0,,,,,,,,,100000,0
665,True,900,1600,2,40,1,66.16%,56.45,-425,-0.8497,-1.34747,-1.20013,0.512,0.572,6.195,122.6,11.35,100000,69441
666,True,900,1600,2,40,1,65.36%,91.7,-203,0.48775,-1.28473,-1.2042,0.597,0.577,7.077,122.15,24.1,100000,44755
667,False,900,1600,2,40,1,64.0%,0.0,0,,,,,,,,,100000,0
668,True,900,1600,2,40,1,65.92%,58.2,-267,-0.46002,-1.43301,-1.20128,0.51,0.577,6.344,100.15,14.6,100000,62132
669,True,900,1600,2,40,1,65.6%,53.4,-395,0.69843,-0.90085,-1.20083,1.887,3.738,6.371,123.35,3.8,100000,50366
670,True,900,1600,2,40,1,65.92%,69.85,-376,-0.75055,-1.3156,-1.19884,0.566,0.548,6.409,104.65,18.15,100000,60688
671,False,900,1600,2,40,1,64.0%,0.0,-1,,,,,,,,,100000,0
672,True,900,1600,2,40,1,65.68%,90.6,-354,-0.07427,-1.09357,-1.20031,0.691,0.548,6.699,117.45,15.9,100000,52917
673,True,900,1600,2,40,1,65.6%,55.95,-395,0.50053,-1.73444,-1.19986,0.51,0.577,6.456,115.95,8.0,100000,51868
674,False,900,1600,2,40,1,64.0%,0.0,0,,,,,,,,,100000,0
675,True,900,1600,2,40,1,65.92%,59.55,-141,-0.59167,-0.06419,-1.19899,0.612,0.707,5.066,125.9,12.75,100000,61670
676,True,900,1600,2,40,1,65.68%,56.95,-494,-0.29158,1.30813,-1.20044,0.727,0.548,6.102,103.3,13.8,100000,54459
677,False,900,1600,2,40,1,64.0%,0.0,0,,,,,,,,,100000,0
678,True,900,1600,2,40,1,65.76%,53.8,-253,-1.14008,-1.08783,-1.19956,0.606,nan,6.441,111.15,5.1,100000,56819
679,True,900,1600,2,40,1,65.68%,53.75,-413,0.50721,-1.28811,-1.19968,0.635,0.548,5.834,119.7,11.05,100000,54342
680,True,900,1600,2,40,1,65.44%,92.2,-298,0.61286,-1.02005,-1.19931,0.869,0.5,6.902,105.55,26.3,100000,46795
681,True,900,1600,2,40,1,65.92%,71.6,-311,-0.65454,-1.03676,-1.20165,0.528,0.283,6.087,116.4,15.75,100000,62190
682,True,900,1600,2,40,1,66.56%,56.25,-704,-0.82713,-1.60406,-1.2015,0.516,nan,5.845,106.95,6.85,100000,82339
683,False,900,1600,2,40,1,64.0%,0.0,-1,,,,,,,,,100000,0
684,False,900,1600,2,40,1,64.0%,0.0,-1,,,,,,,,,100000,0
685,True,900,1600,2,40,1,66.08%,62.3,-306,-0.06913,-0.4475,-1.19829,0.537,0.529,5.375,111.15,12.2,100000,66070
686,False,900,1600,2,40,1,64.0%,0.0,-1,,,,,,,,,100000,0
687,True,900,1600,2,40,1,65.84%,60.5,-429,0.25423,-0.9597,-1.19855,2.064,0.472,7.033,124.35,17.4,100000,59070
688,True,900,1600,2,40,1,65.84%,90.7,-193,-0.05471,-0.9498,-1.20337,1.535,0.577,6.061,109.5,18.35,100000,59901
689,True,900,1600,2,40,1,65.84%,68.4,-588,-0.53408,-0.0902,-1.19888,0.508,0.577,6.228,96.0,11.45,100000,59161
690,True,900,1600,2,40,1,65.92%,63.95,-425,-0.27305,-0.73898,-1.19816,0.493,0.577,6.714,114.4,18.35,100000,61359
691,True,900,1600,2,40,1,65.6%,72.05,-311,0.78725,-1.36377,-1.1984,0.522,0.577,6.668,106.4,24.0,100000,51622
692,True,900,1600,2,40,1,66.16%,75.75,-559,0.02559,-1.1079,-1.19864,0.496,nan,5.865,108.2,6.4,100000,68376
693,False,900,1600,2,40,1,64.0%,0.0,0,,,,,,,,,100000,0
694,True,900,1600,2,40,1,66.32%,68.3,-434,-0.35131,-1.11148,-1.19863,0.519,nan,6.53,115.55,20.3,100000,73564
695,True,900,1600,2,40,1,65.84%,61.15,-639,0.23698,-0.50696,-1.20335,0.5,0.548,6.282,118.7,17.55,100000,59898
696,True,900,1600,2,40,1,66.08%,72.35,-281,-0.40647,-0.99949,-1.20157,0.514,0.548,6.335,115.4,10.55,100000,65225
697,False,900,1600,2,40,1,64.0%,0.0,-1,,,,,,,,,100000,0
698,False,900,1600,2,40,1,64.0%,0.0,-1,,,,,,,,,100000,0
699,True,900,1600,2,40,1,66.16%,74.35,-356,-0.51585,-1.37103,-1.19855,0.514,nan,5.748,104.6,19.15,100000,68876
700,True,900,1600,2,40,1,65.92%,91.5,-467,-0.2338,-1.52997,-1.20108,2.009,0.548,6.671,107.55,6.25,100000,62098
701,False,900,1600,2,40,1,64.0%,0.0,-1,,,,,,,,,100000,0
702,False,900,1600,2,40,1,64.0%,0.0,0,,,,,,,,,100000,0
703,True,900,1600,2,40,1,65.92%,73.35,-414,-0.47193,-1.10318,-1.20101,7.561,17.526,6.432,121.4,13.2,100000,60320
704,True,900,1600,2,40,1,65.84%,60.05,-267,-1.27009,-1.20975,-1.19795,0.651,nan,6.149,116.4,10.85,100000,58831
705,True,900,1600,2,40,1,65.44%,64.1,-178,0.05353,-1.09899,-1.19642,0.668,0.648,6.871,114.55,10.25,100000,46062
706,True,900,1600,2,40,1,65.52%,63.05,-229,-0.11387,-0.61179,-1.1992,0.496,0.577,6.627,113.5,21.1,100000,49275
707,False,900,1600,2,40,1,64.0%,0.0,0,,,,,,,,,100000,0
708,True,900,1600,2,40,1,65.6%,92.75,-462,-0.1372,-0.98836,-1.19999,0.504,nan,6.807,112.25,26.75,100000,51888
709,True,900,1600,2,40,1,65.28%,95.6,-102,0.17098,-1.35824,-1.19593,1.902,0.707,6.995,98.45,11.6,100000,41323
710,False,900,1600,2,40,1,64.0%,0.0,0,,,,,,,,,100000,0
711,False,900,1600,2,40,1,64.0%,0.0,0,,,,,,,,,100000,0
712,True,900,1600,2,40,1,65.68%,56.95,-428,-0.2642,-1.07368,-1.20186,0.507,0.577,6.108,112.8,21.4,100000,54651
713,True,900,1600,2,40,1,65.84%,53.0,-398,0.20961,-1.0517,-1.20273,0.512,0.577,6.377,122.0,8.5,100000,57651
714,False,900,1600,2,40,1,64.0%,0.0,0,,,,,,,,,100000,0
715,False,900,1600,2,40,1,64.0%,0.0,-1,,,,,,,,,100000,0
716,False,900,1600,2,40,1,64.0%,0.0,0,,,,,,,,,100000,0
717,True,900,1600,2,40,1,65.76%,87.4,-227,0.38491,-1.13614,-1.20029,0.498,0.354,6.081,96.35,4.45,100000,56945
718,True,900,1600,2,40,1,65.92%,62.1,-450,-0.54099,-1.10973,-1.20019,0.514,0.515,6.133,103.3,15.95,100000,60432
719,True,900,1600,2,40,1,65.6%,81.8,-250,0.23043,-0.63862,-1.19776,0.485,0.507,6.496,101.65,26.3,100000,50785
720,True,900,1600,2,40,1,65.36%,68.35,-193,-0.11394,-1.3394,-1.19874,0.608,0.527,6.866,117.65,10.1,100000,43042
721,True,900,1600,2,40,1,65.68%,59.6,-580,-0.49116,-1.17414,-1.20043,0.721,0.518,6.099,114.6,28.9,100000,54457
722,True,900,1600,2,40,1,65.68%,87.5,-375,-0.36031,-0.99028,-1.20405,0.596,0.513,6.596,107.25,27.45,100000,52593
723,True,900,1600,2,40,1,65.36%,74.65,-285,0.46591,-1.10887,-1.20224,0.646,0.577,6.641,107.95,22.6,100000,44590
724,True,900,1600,2,40,1,65.76%,91.05,-406,-0.6281,-1.46753,-1.20274,0.571,0.502,6.47,116.9,27.8,100000,57288
725,True,900,1600,2,40,1,65.92%,57.65,-783,-0.47078,2.64125,-1.19834,1.825,0.577,5.948,110.15,9.6,100000,61451
726,True,900,1600,2,40,1,65.68%,91.35,-174,-0.11062,-1.06137,-1.19975,0.602,0.823,6.66,108.15,10.25,100000,52984
727,True,900,1600,2,40,1,65.92%,86.25,-292,-0.52997,-0.48714,-1.19804,0.509,nan,6.401,105.85,23.95,100000,61276
728,True,900,1600,2,40,1,65.6%,55.0,-939,0.24866,2.25985,-1.19909,0.901,0.577,6.361,101.45,7.8,100000,50557
729,False,900,1600,2,40,1,64.0%,0.0,-1,,,,,,,,,100000,0
730,True,900,1600,2,40,1,65.68%,90.75,-488,0.37623,-1.39263,-1.20473,0.512,0.577,6.561,119.95,16.45,100000,54975
731,False,900,1600,2,40,1,64.0%,0.0,0,,,,,,,,,100000,0
732,False,900,1600,2,40,1,64.0%,0.0,-1,,,,,,,,,100000,0
733,True,900,1600,2,40,1,66.24%,60.8,-352,-0.17243,-1.06431,-1.20167,0.606,0.577,6.824,110.6,10.4,100000,70180
734,True,900,1600,2,40,1,66.48%,60.4,-329,-0.98735,-1.51688,-1.19883,0.527,0.577,6.579,105.7,2.1,100000,78809
735,True,900,1600,2,40,1,66.08%,56.65,-530,-0.53933,-0.90954,-1.20101,0.501,0.548,6.113,126.25,17.4,100000,67120
736,True,900,1600,2,40,1,65.68%,55.75,-314,-0.7131,-0.62597,-1.19763,0.576,0.548,6.492,114.05,10.85,100000,53399
737,False,900,1600,2,40,1,64.0%,0.0,0,,,,,,,,,100000,0
738,True,900,1600,2,40,1,65.84%,52.6,-508,0.3592,-0.28568,-1.20142,0.5,0.577,5.353,118.1,9.3,100000,59634
739,True,900,1600,2,40,1,65.52%,92.15,-323,-0.10702,-0.75168,-1.20495,0.519,0.577,6.238,107.3,13.15,100000,49906
740,True,900,1600,2,40,1,66.32%,66.85,-623,-0.37089,-1.40178,-1.20067,0.499,0.577,5.962,102.25,8.9,100000,72833
741,False,900,1600,2,40,1,64.0%,0.0,-1,,,,,,,,,100000,0
742,False,900,1600,2,40,1,64.0%,0.0,-1,,,,,,,,,100000,0
743,True,900,1600,2,40,1,65.92%,73.65,-400,-0.5368,-1.66519,-1.2012,0.506,0.577,6.061,115.85,12.65,100000,60296
744,True,900,1600,2,40,1,65.92%,85.75,-293,-0.40412,-1.32353,-1.20311,0.5,0.577,6.101,105.4,15.75,100000,62402
745,True,900,1600,2,40,1,65.68%,70.55,-376,-0.24132,-0.52002,-1.19891,0.5,0.577,6.86,103.35,12.85,100000,54203
746,True,900,1600,2,40,1,65.84%,62.05,-530,1.22081,-0.93146,-1.20355,0.612,0.54,7.532,113.6,32.15,100000,59924
747,False,900,1600,2,40,1,64.0%,0.0,0,,,,,,,,,100000,0
748,False,900,1600,2,40,1,64.0%,0.0,0,,,,,,,,,100000,0
749,True,900,1600,2,40,1,65.92%,60.05,-248,-0.41842,-0.88115,-1.20069,0.585,0.577,6.252,120.95,16.05,100000,60362
750,True,900,1600,2,40,1,65.76%,91.15,-284,-0.537,-0.97007,-1.19907,0.532,0.65,6.653,105.85,11.0,100000,55596
751,True,900,1600,2,40,1,66.4%,57.6,-702,-0.68043,1.50025,-1.20159,0.529,0.577,6.322,106.05,5.55,100000,77315
752,True,900,1600,2,40,1,65.92%,81.7,-192,-0.42094,-1.18166,-1.19819,1.256,0.577,6.319,119.0,18.2,100000,60910
753,True,900,1600,2,40,1,66.4%,65.25,-205,-1.03855,-1.11736,-1.19889,0.716,0.545,6.149,123.1,21.25,100000,76443
754,True,900,1600,2,40,1,66.16%,73.15,-298,-0.19061,-1.06351,-1.2019,0.606,0.021,5.776,113.8,15.75,100000,67665
755,True,900,1600,2,40,1,65.6%,92.15,-348,-0.59288,-1.18024,-1.20116,0.5,0.577,6.509,113.9,5.0,100000,52042
756,False,900,1600,2,40,1,64.0%,0.0,0,,,,,,,,,100000,0
757,True,900,1600,2,40,1,65.92%,80.35,-211,-0.72584,-1.21506,-1.20276,0.552,0.707,6.306,122.15,22.3,100000,60127
758,True,900,1600,2,40,1,66.24%,84.15,-252,-0.63175,-1.35545,-1.20057,0.527,nan,6.287,116.0,6.35,100000,70357
759,True,900,1600,2,40,1,66.0%,59.15,-471,-0.9306,-1.389,-1.19814,1.964,3.734,6.826,128.15,16.15,100000,63593
760,True,900,1600,2,40,1,65.68%,94.45,-82,-0.07115,-1.21487,-1.19737,0.619,0.548,6.717,113.65,26.9,100000,53683
761,False,900,1600,2,40,1,64.0%,0.0,-1,,,,,,,,,100000,0
762,False,900,1600,2,40,1,64.0%,0.0,-1,,,,,,,,,100000,0
763,True,900,1600,2,40,1,65.68%,86.75,-455,-0.37779,-1.15874,-1.2046,24.17,nan,6.7,113.1,9.45,100000,54962
764,True,900,1600,2,40,1,65.52%,90.4,-179,-0.60391,-0.87392,-1.19718,0.675,nan,6.497,124.75,21.0,100000,48364
765,True,900,1600,2,40,1,66.0%,52.85,-361,-0.73395,-1.05462,-1.19839,0.51,0.548,5.892,114.3,6.6,100000,63917
766,True,900,1600,2,40,1,66.56%,66.25,-937,-0.43365,-1.04262,-1.19894,0.605,0.577,6.529,107.75,9.95,100000,81365
767,True,900,1600,2,40,1,66.32%,60.4,-406,-1.08086,-1.52229,-1.20183,0.732,nan,6.075,122.0,21.3,100000,72639
768,False,900,1600,2,40,1,64.0%,0.0,0,,,,,,,,,100000,0
769,False,900,1600,2,40,1,64.0%,0.0,0,,,,,,,,,100000,0
770,True,900,1600,2,40,1,66.32%,55.85,-486,-0.13293,-0.10749,-1.19961,2.6,0.707,6.607,105.8,9.25,100000,73073
771,True,900,1600,2,40,1,65.84%,63.7,-762,0.01672,-0.66029,-1.20115,1.68,1.931,6.33,102.0,20.6,100000,57812
772,False,900,1600,2,40,1,64.0%,0.0,0,,,,,,,,,100000,0
773,True,900,1600,2,40,1,65.44%,54.65,-786,0.45156,5.46573,-1.20112,0.513,0.577,7.393,103.05,9.9,100000,47004
774,False,900,1600,2,40,1,64.0%,0.0,0,,,,,,,,,100000,0
775,True,900,1600,2,40,1,65.44%,89.65,-282,0.31985,-0.95256,-1.19699,0.511,0.577,7.533,108.0,16.3,100000,46401
776,False,900,1600,2,40,1,64.0%,0.0,0,,,,,,,,,100000,0
777,True,900,1600,2,40,1,66.24%,56.05,-363,-0.7672,-1.23119,-1.20148,0.612,0.548,5.723,124.5,13.6,100000,72248
778,True,900,1600,2,40,1,65.68%,72.75,-249,0.85554,-1.03239,-1.1974,2.261,0.482,6.385,120.15,12.5,100000,53538
779,True,900,1600,2,40,1,66.16%,67.75,-460,0.3615,-1.11081,-1.20276,0.516,0.577,6.116,122.75,3.85,100000,69950
780,True,900,1600,2,40,1,66.08%,59.7,-264,-0.23663,-0.65779,-1.19842,0.516,nan,6.592,101.85,5.45,100000,66359
781,True,900,1600,2,40,1,65.76%,58.1,-417,0.21622,-1.19251,-1.20242,0.658,nan,6.157,115.15,19.5,100000,55199
782,True,900,1600,2,40,1,65.68%,65.55,-216,-0.22488,0.02649,-1.1977,0.556,0.548,6.477,93.4,11.25,100000,53371
783,True,900,1600,2,40,1,65.84%,54.0,-168,-0.68562,-0.519,-1.20151,0.529,0.475,6.178,126.4,12.95,100000,59648
784,True,900,1600,2,40,1,65.28%,91.05,-148,1.28109,-0.86062,-1.19548,2.994,nan,7.281,110.7,20.15,100000,41037
785,False,900,1600,2,40,1,64.0%,0.0,0,,,,,,,,,100000,0
786,True,900,1600,2,40,1,65.68%,92.5,-215,-0.40972,-1.56882,-1.19842,0.507,nan,6.228,91.1,13.5,100000,54100
787,True,900,1600,2,40,1,66.0%,88.9,-402,-0.27023,-0.55008,-1.19834,9.753,nan,6.13,127.2,20.65,100000,63886
788,True,900,1600,2,40,1,65.68%,78.25,-396,0.4212,0.15264,-1.19782,0.795,0.548,6.855,101.0,18.6,100000,53334
789,False,900,1600,2,40,1,64.0%,0.0,0,,,,,,,,,100000,0
790,True,900,1600,2,40,1,66.08%,67.3,-544,-0.06003,-0.72831,-1.19875,0.864,0.577,6.558,116.7,13.7,100000,66538
791,False,900,1600,2,40,1,64.0%,0.0,-1,,,,,,,,,100000,0
792,True,900,1600,2,40,1,66.32%,56.45,-440,-0.84426,-0.67943,-1.19861,0.647,nan,5.725,107.6,13.0,100000,73673
793,True,900,1600,2,40,1,65.92%,77.25,-299,-0.54654,0.70426,-1.20174,0.905,0.577,6.306,109.7,8.25,100000,60233
794,False,900,1600,2,40,1,64.0%,0.0,-1,,,,,,,,,100000,0
795,True,900,1600,2,40,1,66.16%,64.65,-484,-0.68452,-0.43076,-1.20056,0.644,nan,5.792,113.05,20.45,100000,67865
796,True,900,1600,2,40,1,65.84%,56.5,-519,0.30854,0.22175,-1.20292,0.51,0.548,5.982,106.0,13.05,100000,59843
797,True,900,1600,2,40,1,65.92%,55.85,-326,1.54759,-1.29441,-1.2021,0.602,0.479,5.509,112.75,22.25,100000,60194
798,False,900,1600,2,40,1,64.0%,0.0,0,,,,,,,,,100000,0
799,False,900,1600,2,40,1,64.0%,0.0,0,,,,,,,,,100000,0
800,False,900,1600,2,40,1,64.0%,0.0,0,,,,,,,,,100000,0
801,True,900,1600,2,40,1,65.84%,59.3,-251,-0.58571,-1.40954,-1.20027,0.512,0.577,6.074,109.15,7.65,100000,57922
802,True,900,1600,2,40,1,65.52%,57.15,-187,-0.71134,-1.22771,-1.20025,0.515,0.596,6.533,114.45,18.8,100000,47922
803,False,900,1600,2,40,1,64.0%,0.0,0,,,,,,,,,100000,0
804,True,900,1600,2,40,1,65.68%,90.75,-341,0.44693,-1.33421,-1.20242,0.543,nan,6.302,105.45,22.45,100000,54719
805,False,900,1600,2,40,1,64.0%,0.0,0,,,,,,,,,100000,0
806,True,900,1600,2,40,1,65.6%,68.0,-410,-0.6726,-1.29711,-1.20223,0.504,nan,6.279,123.1,13.7,100000,52169
807,True,900,1600,2,40,1,65.52%,93.15,-321,-0.15917,-1.34222,-1.19857,0.807,nan,6.39,104.05,38.85,100000,49176
808,True,900,1600,2,40,1,66.08%,77.25,-278,-0.48867,-1.29963,-1.20089,0.516,nan,6.014,116.1,22.35,100000,67096
809,False,900,1600,2,40,1,64.0%,0.0,-1,,,,,,,,,100000,0
810,True,900,1600,2,40,1,65.76%,91.15,-881,2.15576,0.01692,-1.20052,0.633,0.577,6.57,115.05,20.55,100000,56981
811,True,900,1600,2,40,1,66.0%,70.5,-513,-0.54848,-1.16947,-1.19841,1.797,0.577,6.471,104.0,14.25,100000,63375
812,True,900,1600,2,40,1,65.6%,69.55,-259,0.75743,-0.65721,-1.19724,0.709,nan,7.52,110.4,7.85,100000,50955
813,True,900,1600,2,40,1,65.92%,63.15,-420,-0.44725,-1.15588,-1.20321,0.519,nan,6.04,130.3,5.3,100000,62416
814,False,900,1600,2,40,1,64.0%,0.0,0,,,,,,,,,100000,0
815,True,900,1600,2,40,1,66.0%,52.7,-279,-0.44728,-0.00123,-1.20347,0.689,0.531,6.5,124.55,7.9,100000,62535
816,True,900,1600,2,40,1,66.32%,90.5,-213,-0.67527,-1.27519,-1.19862,0.514,nan,6.626,106.3,10.2,100000,73583
817,False,900,1600,2,40,1,64.0%,0.0,0,,,,,,,,,100000,0
818,False,900,1600,2,40,1,64.0%,0.0,0,,,,,,,,,100000,0
819,True,900,1600,2,40,1,66.08%,84.85,-280,-0.31675,-1.01764,-1.19906,2.759,0.707,6.123,108.8,16.25,100000,65680
820,False,900,1600,2,40,1,64.0%,0.0,0,,,,,,,,,100000,0
821,True,900,1600,2,40,1,65.84%,85.95,-202,-1.18873,-0.85109,-1.1978,0.611,0.802,6.503,118.55,16.95,100000,58679
822,False,900,1600,2,40,1,64.0%,0.0,-1,,,,,,,,,100000,0
823,False,900,1600,2,40,1,64.0%,0.0,0,,,,,,,,,100000,0
824,True,900,1600,2,40,1,65.92%,73.45,-430,-0.07737,-1.04003,-1.19982,6.238,0.577,6.435,121.85,12.65,100000,61866
825,False,900,1600,2,40,1,64.0%,0.0,0,,,,,,,,,100000,0
826,True,900,1600,2,40,1,66.0%,66.0,-280,-1.17619,-1.51461,-1.19941,0.509,0.577,6.66,124.5,18.25,100000,63076
827,True,900,1600,2,40,1,65.52%,85.35,-239,-0.19136,-0.72835,-1.20483,0.623,0.577,6.224,106.9,18.7,100000,49895
828,True,900,1600,2,40,1,66.08%,81.65,-261,0.38854,-1.03229,-1.19904,8.933,0.577,6.172,122.65,8.5,100000,66644
829,True,900,1600,2,40,1,65.84%,92.1,-734,0.28591,-1.00412,-1.20057,0.58,0.548,6.25,108.95,11.8,100000,59499
830,True,900,1600,2,40,1,65.52%,91.8,-219,-0.3357,-0.75441,-1.20404,3.507,5.852,6.247,113.7,8.55,100000,49822
831,True,900,1600,2,40,1,66.4%,62.65,-652,-1.16323,-1.45779,-1.19873,0.527,0.707,6.142,111.0,3.5,100000,76055
832,True,900,1600,2,40,1,65.52%,58.8,-306,-0.32704,-0.16528,-1.20176,0.701,0.539,6.871,105.35,8.3,100000,49592
833,True,900,1600,2,40,1,65.76%,66.4,-305,0.12176,-0.3275,-1.19781,0.824,1.681,6.448,123.6,9.45,100000,56353
834,False,900,1600,2,40,1,64.0%,0.0,-1,,,,,,,,,100000,0
835,True,900,1600,2,40,1,65.28%,74.85,-102,0.50125,-0.52734,-1.20007,0.842,1.0,6.251,108.35,11.7,100000,41875
836,False,900,1600,2,40,1,64.0%,0.0,-1,,,,,,,,,100000,0
837,True,900,1600,2,40,1,66.08%,90.65,-339,-0.47122,-1.42172,-1.19828,0.573,nan,7.003,103.8,13.6,100000,66209
838,True,900,1600,2,40,1,66.08%,63.0,-443,-0.60058,-1.13801,-1.20211,0.5,0.707,6.108,112.7,17.4,100000,67314
839,True,900,1600,2,40,1,66.08%,90.0,-418,-0.37181,-1.19635,-1.20054,0.482,nan,6.059,114.2,16.35,100000,65373
840,True,900,1600,2,40,1,65.68%,59.15,-359,0.02333,-1.09387,-1.20479,0.5,nan,6.603,105.8,16.1,100000,54981
841,True,900,1600,2,40,1,66.0%,54.9,-320,-0.63416,-1.23354,-1.19915,0.528,0.567,6.113,110.95,21.4,100000,64197
842,True,900,1600,2,40,1,66.16%,75.05,-192,-0.4681,-0.34059,-1.19955,0.575,0.548,5.845,119.0,20.5,100000,69290
843,True,900,1600,2,40,1,66.0%,76.05,-417,-0.7388,-1.00958,-1.1985,0.587,nan,5.885,104.9,12.8,100000,63335
844,False,900,1600,2,40,1,64.0%,0.0,0,,,,,,,,,100000,0
845,True,900,1600,2,40,1,66.08%,83.05,-206,-0.68231,-0.94522,-1.20273,0.516,0.577,6.337,119.8,12.75,100000,67414
846,True,900,1600,2,40,1,66.48%,71.9,-545,-0.29867,-1.00252,-1.20098,0.559,0.577,6.118,116.5,13.15,100000,77754
847,False,900,1600,2,40,1,64.0%,0.0,-1,,,,,,,,,100000,0
848,True,900,1600,2,40,1,66.24%,84.7,-214,-1.3148,-0.76671,-1.1995,0.597,nan,5.733,119.65,21.15,100000,71767
849,True,900,1600,2,40,1,65.92%,70.45,-610,-0.64989,1.36991,-1.19798,0.841,nan,5.495,107.1,15.3,100000,61091
850,False,900,1600,2,40,1,64.0%,0.0,0,,,,,,,,,100000,0
851,True,900,1600,2,40,1,66.56%,90.95,-499,0.0116,-1.30862,-1.19934,0.651,0.577,6.472,117.25,21.3,100000,81651
852,True,900,1600,2,40,1,66.0%,60.75,-483,0.02502,-1.14449,-1.20275,0.707,0.707,6.46,111.85,17.75,100000,62606
853,True,900,1600,2,40,1,65.6%,57.9,-412,0.62787,-0.99581,-1.1986,0.506,0.577,6.513,116.35,12.55,100000,51662
854,True,900,1600,2,40,1,66.08%,56.4,-328,-0.73149,-0.94799,-1.20051,0.502,0.577,5.997,115.25,3.0,100000,67019
855,True,900,1600,2,40,1,65.36%,92.1,-288,0.15013,-0.18203,-1.19797,0.593,0.577,6.37,94.65,13.25,100000,44129
856,True,900,1600,2,40,1,65.76%,89.4,-437,0.12926,-1.63522,-1.20262,0.606,0.535,6.625,104.0,43.4,100000,55181
857,True,900,1600,2,40,1,65.84%,52.55,-453,-0.40149,-1.13807,-1.20075,0.5,0.577,6.196,117.25,7.05,100000,59530
858,True,900,1600,2,40,1,66.16%,60.85,-439,-0.72863,-0.30181,-1.19845,0.531,0.562,6.341,113.65,6.65,100000,68781
859,True,900,1600,2,40,1,65.92%,83.15,-395,-0.2913,-0.48067,-1.19918,0.509,0.535,6.163,105.8,8.25,100000,61719
860,True,900,1600,2,40,1,65.76%,56.2,-446,-0.49758,-0.55688,-1.19967,4.86,nan,6.438,111.65,6.9,100000,55502
861,False,900,1600,2,40,1,64.0%,0.0,0,,,,,,,,,100000,0
862,True,900,1600,2,40,1,65.6%,59.6,-273,-0.29189,-0.51142,-1.20007,6.341,0.577,6.259,125.45,13.25,100000,51899
863,False,900,1600,2,40,1,64.0%,0.0,0,,,,,,,,,100000,0
864,True,900,1600,2,40,1,66.16%,55.55,-499,-0.23645,-0.38663,-1.19864,0.497,0.507,5.923,120.55,18.85,100000,68937
865,True,900,1600,2,40,1,65.84%,55.9,-247,0.42595,0.06465,-1.20068,0.656,0.577,5.903,116.75,19.05,100000,57868
866,False,900,1600,2,40,1,64.0%,0.0,0,,,,,,,,,100000,0
867,False,900,1600,2,40,1,64.0%,0.0,0,,,,,,,,,100000,0
868,True,900,1600,2,40,1,66.16%,70.45,-575,-0.89503,-1.14952,-1.19841,0.647,0.695,6.15,126.2,12.85,100000,68715
869,True,900,1600,2,40,1,66.24%,78.25,-480,-0.5334,-1.27161,-1.19857,0.589,0.559,6.433,103.25,9.45,100000,71005
870,True,900,1600,2,40,1,66.08%,67.95,-375,-0.33716,-1.33809,-1.20251,2.112,4.193,5.903,108.85,11.15,100000,67379
871,False,900,1600,2,40,1,64.0%,0.0,0,,,,,,,,,100000,0
872,False,900,1600,2,40,1,64.0%,0.0,0,,,,,,,,,100000,0
873,True,900,1600,2,40,1,65.76%,59.1,-228,-0.32919,-1.47987,-1.19802,0.839,0.577,6.706,111.35,11.0,100000,56443
874,True,900,1600,2,40,1,66.16%,89.75,-357,-0.12425,-1.35423,-1.19881,0.513,0.548,6.188,101.3,10.35,100000,69029
875,True,900,1600,2,40,1,65.68%,89.7,-378,0.32006,-0.9309,-1.19782,0.772,0.49,6.523,121.0,15.05,100000,53933
876,True,900,1600,2,40,1,65.6%,91.9,-312,-0.43667,-0.89335,-1.20535,0.637,1.085,6.322,116.15,6.3,100000,52490
877,False,900,1600,2,40,1,64.0%,0.0,0,,,,,,,,,100000,0
878,False,900,1600,2,40,1,64.0%,0.0,0,,,,,,,,,100000,0
879,True,900,1600,2,40,1,66.32%,67.45,-985,0.27198,-1.09729,-1.20129,0.516,nan,5.74,121.2,10.15,100000,74730
880,True,900,1600,2,40,1,65.76%,53.8,-453,0.09469,-1.14214,-1.20169,8.444,nan,7.35,123.2,5.65,100000,57152
881,False,900,1600,2,40,1,64.0%,0.0,0,,,,,,,,,100000,0
882,True,900,1600,2,40,1,65.28%,69.05,-298,-0.37464,0.02062,-1.2013,0.534,0.337,6.671,95.7,12.2,100000,40351
883,False,900,1600,2,40,1,64.0%,0.0,-1,,,,,,,,,100000,0
884,True,900,1600,2,40,1,65.52%,93.0,-155,-0.00263,-1.40724,-1.19876,0.52,nan,6.992,112.55,19.35,100000,49207
885,False,900,1600,2,40,1,64.0%,0.0,0,,,,,,,,,100000,0
886,True,900,1600,2,40,1,66.0%,58.8,-656,-0.43694,3.29167,-1.20172,0.51,0.577,6.123,112.05,12.9,100000,64725
887,False,900,1600,2,40,1,64.0%,0.0,0,,,,,,,,,100000,0
888,True,900,1600,2,40,1,66.48%,67.9,-512,-0.90315,-1.59252,-1.19911,0.511,0.577,6.152,122.0,17.6,100000,79049
889,False,900,1600,2,40,1,64.0%,0.0,0,,,,,,,,,100000,0
890,True,900,1600,2,40,1,66.16%,91.3,-462,-0.44075,-1.40726,-1.20118,0.501,0.535,6.591,93.25,17.75,100000,69669
891,True,900,1600,2,40,1,65.92%,53.15,-542,-0.4911,-1.72994,-1.20122,0.604,0.707,6.539,116.75,11.0,100000,62122
892,True,900,1600,2,40,1,65.84%,91.15,-466,-0.2656,-1.22078,-1.20179,0.622,nan,6.327,106.9,25.2,100000,59689
893,True,900,1600,2,40,1,65.6%,90.1,-230,-0.43145,-1.45257,-1.1971,0.535,nan,6.317,109.45,6.75,100000,51160
894,True,900,1600,2,40,1,65.6%,90.35,-219,0.44287,-0.83693,-1.20253,0.588,0.577,6.45,112.05,17.55,100000,52203
895,True,900,1600,2,40,1,65.76%,91.8,-825,-0.02847,-0.36971,-1.20346,0.588,0.577,6.491,108.05,11.05,100000,57376
896,True,900,1600,2,40,1,65.92%,75.45,-526,-0.13279,1.32018,-1.19986,0.627,0.773,6.566,106.4,18.5,100000,60484
897,True,900,1600,2,40,1,65.92%,56.8,-235,-0.71954,-1.01317,-1.19827,0.569,0.54,6.387,114.4,17.75,100000,60872
898,True,900,1600,2,40,1,66.08%,85.4,-636,-0.90612,-0.91699,-1.19886,0.624,0.548,6.324,122.55,26.1,100000,66580
899,True,900,1600,2,40,1,66.16%,58.2,-342,-0.92631,-1.31832,-1.20216,12.616,0.707,6.807,127.8,12.05,100000,69849
900,True,900,1600,2,40,1,66.24%,90.65,-368,-0.72853,-1.36671,-1.19934,1.015,0.548,5.911,117.95,16.95,100000,71712
901,True,900,1600,2,40,1,66.08%,90.8,-479,-0.26405,-0.87623,-1.20314,0.517,0.548,6.644,107.75,14.75,100000,67476
902,False,900,1600,2,40,1,64.0%,0.0,-1,,,,,,,,,100000,0
903,True,900,1600,2,40,1,65.76%,67.5,-486,-0.56868,-1.14283,-1.19775,0.638,0.539,6.553,110.75,23.05,100000,56320
904,True,900,1600,2,40,1,65.84%,57.55,-408,-0.1776,-0.10428,-1.19878,0.5,nan,6.339,123.8,5.35,100000,59134
905,True,900,1600,2,40,1,65.68%,93.1,-330,-0.24727,-0.72426,-1.19745,0.754,0.246,6.138,121.85,10.25,100000,53491
906,False,900,1600,2,40,1,64.0%,0.0,0,,,,,,,,,100000,0
907,True,900,1600,2,40,1,66.0%,63.9,-214,-0.15208,-1.02164,-1.20234,6.262,nan,6.877,100.0,18.0,100000,62650
908,True,900,1600,2,40,1,65.92%,91.6,-351,-0.67944,-0.84815,-1.19799,0.552,0.577,6.318,107.85,13.7,100000,61208
909,True,900,1600,2,40,1,65.52%,74.9,-716,-0.45445,0.94322,-1.20524,0.602,0.92,6.868,111.5,14.5,100000,49932
910,True,900,1600,2,40,1,66.24%,73.95,-438,-1.0619,-1.21663,-1.20021,0.5,0.577,5.725,105.2,15.3,100000,70426
911,True,900,1600,2,40,1,65.92%,54.95,-274,-1.13009,-1.30414,-1.20135,0.9,0.577,6.541,111.25,13.1,100000,62143
912,True,900,1600,2,40,1,65.76%,57.3,-513,-0.51579,0.78478,-1.20117,0.908,1.808,6.681,103.7,4.8,100000,57079
913,True,900,1600,2,40,1,65.12%,56.65,-186,0.64304,1.05098,-1.19453,3.041,nan,6.556,97.25,16.2,100000,35872
914,True,900,1600,2,40,1,65.68%,91.1,-300,-0.33843,-1.29868,-1.19983,0.598,nan,6.713,110.45,22.7,100000,54366
915,True,900,1600,2,40,1,65.44%,92.05,-166,0.10851,-1.40305,-1.20303,0.715,0.548,6.62,104.4,40.85,100000,47191
916,True,900,1600,2,40,1,65.6%,63.8,-466,-0.33676,-1.31036,-1.19715,1.006,1.709,6.865,97.95,11.9,100000,51018
917,True,900,1600,2,40,1,66.0%,90.15,-865,0.05892,-0.75194,-1.20136,0.609,0.548,6.502,106.05,17.45,100000,64665
918,False,900,1600,2,40,1,64.0%,0.0,0,,,,,,,,,100000,0
919,True,900,1600,2,40,1,66.32%,62.35,-241,-1.09202,-1.34256,-1.20074,0.595,nan,5.441,124.25,13.85,100000,74606
920,True,900,1600,2,40,1,65.84%,90.3,-712,-0.13274,-0.65883,-1.20388,0.589,0.883,6.312,103.9,18.4,100000,59964
921,True,900,1600,2,40,1,66.08%,58.0,-625,-0.73843,0.42216,-1.19985,0.568,0.548,5.954,127.75,15.35,100000,65496
922,True,900,1600,2,40,1,65.52%,87.7,-261,0.91102,-1.31212,-1.204,0.749,0.577,6.396,100.75,20.65,100000,49818
923,True,900,1600,2,40,1,65.6%,82.45,-135,0.06281,-0.00833,-1.20479,0.852,0.587,6.742,114.0,16.0,100000,52436
924,True,900,1600,2,40,1,65.92%,91.15,-184,-0.691,-1.14245,-1.1983,0.513,0.577,6.076,111.2,13.4,100000,61433
925,False,900,1600,2,40,1,64.0%,0.0,0,,,,,,,,,100000,0
926,False,900,1600,2,40,1,64.0%,0.0,0,,,,,,,,,100000,0
927,True,900,1600,2,40,1,65.6%,89.2,-600,-0.285,-1.05589,-1.20011,0.515,0.548,6.624,112.45,27.25,100000,50438
928,True,900,1600,2,40,1,65.92%,59.0,-590,-0.37036,-1.15049,-1.20081,0.524,0.577,6.617,105.25,11.95,100000,62053
929,False,900,1600,2,40,1,64.0%,0.0,-1,,,,,,,,,100000,0
930,False,900,1600,2,40,1,64.0%,0.0,0,,,,,,,,,100000,0
931,False,900,1600,2,40,1,64.0%,0.0,0,,,,,,,,,100000,0
932,True,900,1600,2,40,1,65.84%,80.5,-269,-0.09766,-1.29974,-1.19781,2.058,nan,6.17,102.75,16.1,100000,58573
933,False,900,1600,2,40,1,64.0%,0.0,0,,,,,,,,,100000,0
934,True,900,1600,2,40,1,66.56%,58.75,-829,-0.47417,-1.03192,-1.20007,0.542,0.577,6.159,112.7,4.45,100000,81943
935,True,900,1600,2,40,1,65.52%,79.0,-255,0.25636,-1.54532,-1.19818,0.57,0.581,7.054,96.35,19.0,100000,48161
936,True,900,1600,2,40,1,66.16%,90.25,-554,-1.23951,-0.22038,-1.20046,0.689,0.577,5.744,112.0,8.3,100000,69519
937,True,900,1600,2,40,1,66.0%,79.85,-341,0.53126,-1.04821,-1.19813,0.631,0.548,6.598,109.45,19.0,100000,63657
938,False,900,1600,2,40,1,64.0%,0.0,0,,,,,,,,,100000,0
939,True,900,1600,2,40,1,66.16%,63.6,-208,-0.02435,-0.46268,-1.19899,0.72,0.272,6.575,118.25,12.2,100000,68229
940,True,900,1600,2,40,1,65.52%,93.4,-75,-0.16708,-0.52659,-1.20007,0.697,nan,5.997,98.7,10.7,100000,49394
941,True,900,1600,2,40,1,65.6%,91.55,-230,-0.38263,1.0048,-1.19959,0.532,0.495,6.918,103.3,10.4,100000,50495
942,True,900,1600,2,40,1,65.76%,53.35,-519,0.24313,-0.60293,-1.19781,4.876,10.851,6.24,96.1,5.0,100000,55920
943,True,900,1600,2,40,1,66.24%,92.35,-509,0.11675,-0.94808,-1.19895,9.514,1.564,6.416,97.85,14.95,100000,70775
944,True,900,1600,2,40,1,65.52%,53.75,-552,-0.326,-1.38162,-1.20321,1.242,nan,6.727,94.45,18.4,100000,49742
945,True,900,1600,2,40,1,65.44%,54.15,-217,1.14226,0.02583,-1.19785,3.443,0.471,6.715,116.7,14.75,100000,46581
946,True,900,1600,2,40,1,65.52%,77.4,-380,0.42774,0.61089,-1.19726,6.23,nan,7.237,112.4,12.85,100000,48342
947,True,900,1600,2,40,1,66.08%,91.55,-124,-0.61798,-0.66646,-1.20115,0.595,1.072,6.336,118.0,17.2,100000,67146
948,True,900,1600,2,40,1,66.0%,77.5,-1376,-0.29573,3.75372,-1.19813,0.612,0.615,7.183,112.6,20.75,100000,63622
949,True,900,1600,2,40,1,65.84%,57.1,-456,0.19078,0.73752,-1.19829,1.336,0.641,6.003,99.15,9.0,100000,58984
950,True,900,1600,2,40,1,65.84%,89.6,-395,-0.2561,-1.04434,-1.20442,2.092,0.577,6.637,111.15,20.75,100000,57510
951,True,900,1600,2,40,1,65.84%,84.5,-433,-0.06638,-0.9422,-1.20008,0.663,0.577,6.559,104.25,18.1,100000,57948
952,False,900,1600,2,40,1,64.0%,0.0,0,,,,,,,,,100000,0
953,True,900,1600,2,40,1,66.0%,55.6,-266,-0.73257,-0.76119,-1.19972,0.587,0.577,6.012,114.6,12.9,100000,64342
954,True,900,1600,2,40,1,66.0%,69.9,-429,-0.49942,0.07124,-1.202,0.588,1.0,6.079,114.65,7.9,100000,64770
955,True,900,1600,2,40,1,66.0%,60.3,-381,-0.36075,-1.35254,-1.19817,2.105,0.577,6.967,124.7,12.2,100000,63544
956,False,900,1600,2,40,1,64.0%,0.0,-1,,,,,,,,,100000,0
957,True,900,1600,2,40,1,66.24%,69.6,-205,-0.56551,-0.62679,-1.2013,1.628,0.68,6.17,112.35,11.85,100000,72212
958,False,900,1600,2,40,1,64.0%,0.0,0,,,,,,,,,100000,0
959,True,900,1600,2,40,1,65.84%,69.75,-382,-0.40091,2.63473,-1.20052,0.596,0.577,6.111,102.45,5.65,100000,59491
960,False,900,1600,2,40,1,64.0%,0.0,0,,,,,,,,,100000,0
961,True,900,1600,2,40,1,65.92%,52.6,-305,-0.64396,-1.28183,-1.20086,0.514,0.577,6.952,107.4,13.3,100000,60339
962,False,900,1600,2,40,1,64.0%,0.0,0,,,,,,,,,100000,0
963,False,900,1600,2,40,1,64.0%,0.0,-1,,,,,,,,,100000,0
964,False,900,1600,2,40,1,64.0%,0.0,-1,,,,,,,,,100000,0
965,True,900,1600,2,40,1,66.08%,54.45,-433,-0.45236,1.1124,-1.20353,0.702,0.983,6.078,115.75,11.25,100000,65003
966,True,900,1600,2,40,1,65.84%,90.4,-672,-0.25066,2.3418,-1.20129,0.51,0.707,6.889,124.3,17.05,100000,59615
967,True,900,1600,2,40,1,65.92%,69.65,-270,-0.86298,-1.12173,-1.19821,0.512,0.577,6.162,120.85,11.15,100000,60898
968,True,900,1600,2,40,1,65.84%,58.4,-238,0.53971,-1.46905,-1.1981,0.52,0.575,6.458,111.7,14.5,100000,58907
969,True,900,1600,2,40,1,66.08%,91.0,-704,-0.24163,-1.2418,-1.19933,0.577,0.577,6.102,114.6,20.4,100000,66735
970,False,900,1600,2,40,1,64.0%,0.0,0,,,,,,,,,100000,0
971,False,900,1600,2,40,1,64.0%,0.0,0,,,,,,,,,100000,0
972,True,900,1600,2,40,1,65.84%,77.4,-413,-0.34226,1.28009,-1.19884,0.518,0.548,6.468,98.05,28.4,100000,58161
973,True,900,1600,2,40,1,65.84%,80.3,-503,-0.43715,-0.6588,-1.19958,0.904,0.577,6.999,111.65,13.85,100000,59318
974,True,900,1600,2,40,1,65.76%,55.7,-443,-0.50868,-1.20498,-1.2005,2.018,1.347,6.146,110.5,10.75,100000,56978
975,True,900,1600,2,40,1,66.08%,75.95,-349,-0.63525,-1.15276,-1.20129,0.874,nan,6.408,106.25,11.55,100000,67171
976,True,900,1600,2,40,1,66.4%,59.65,-500,-0.84562,-0.89538,-1.19879,0.509,nan,5.934,122.9,23.5,100000,76359
977,False,900,1600,2,40,1,64.0%,0.0,0,,,,,,,,,100000,0
978,True,900,1600,2,40,1,66.08%,79.7,-365,0.50716,-0.98325,-1.2001,1.091,nan,6.47,116.0,9.15,100000,65448
979,True,900,1600,2,40,1,65.36%,92.15,-308,-0.22198,0.88383,-1.20193,2.135,0.577,6.533,104.35,10.85,100000,44562
980,False,900,1600,2,40,1,64.0%,0.0,0,,,,,,,,,100000,0
981,True,900,1600,2,40,1,66.24%,68.3,-547,-0.33404,-1.14545,-1.19986,0.497,0.424,5.834,119.75,4.45,100000,71873
982,True,900,1600,2,40,1,66.16%,57.25,-259,-0.19433,-0.69506,-1.19943,0.868,0.577,5.905,119.35,16.45,100000,69255
983,False,900,1600,2,40,1,64.0%,0.0,0,,,,,,,,,100000,0
984,True,900,1600,2,40,1,65.68%,60.2,-249,0.47856,-0.85943,-1.19739,5.378,0.843,6.986,112.2,15.3,100000,53708
985,True,900,1600,2,40,1,65.92%,52.65,-432,-0.59902,-1.07484,-1.19889,19.92,nan,6.034,105.0,6.55,100000,61643
986,True,900,1600,2,40,1,65.6%,92.8,-163,0.83419,-1.17604,-1.19766,2.059,0.577,7.057,114.1,22.2,100000,50810
987,False,900,1600,2,40,1,64.0%,0.0,-1,,,,,,,,,100000,0
988,True,900,1600,2,40,1,65.92%,60.45,-334,-0.17377,-0.62886,-1.19943,0.617,0.577,6.902,115.9,12.85,100000,60560
989,True,900,1600,2,40,1,65.76%,53.55,-389,-0.35385,-1.00221,-1.19831,0.626,0.115,6.602,123.35,10.6,100000,55751
990,True,900,1600,2,40,1,66.08%,78.5,-792,-0.08421,0.41297,-1.20102,0.51,0.0,5.989,119.7,6.45,100000,67121
991,True,900,1600,2,40,1,65.6%,90.75,-149,0.03268,-0.85436,-1.2008,1.636,nan,7.029,116.0,12.8,100000,51997
992,False,900,1600,2,40,1,64.0%,0.0,-1,,,,,,,,,100000,0
993,True,900,1600,2,40,1,65.6%,92.25,-342,0.51207,-0.25469,-1.19777,0.553,0.715,5.834,108.35,13.5,100000,51478
994,False,900,1600,2,40,1,64.0%,0.0,0,,,,,,,,,100000,0
995,True,900,1600,2,40,1,65.52%,54.55,-182,1.25224,-0.30276,-1.19807,0.775,0.591,6.504,113.1,10.95,100000,49088
996,False,900,1600,2,40,1,64.0%,0.0,0,,,,,,,,,100000,0
997,True,900,1600,2,40,1,65.92%,66.0,-440,-0.28601,-1.24551,-1.19938,0.563,0.519,6.439,129.65,8.0,100000,61768
998,False,900,1600,2,40,1,64.0%,0.0,0,,,,,,,,,100000,0
999,True,900,1600,2,40,1,66.08%,68.25,-391,-0.60902,-1.15477,-1.20309,0.623,0.577,5.968,123.6,28.2,100000,67469
1000,False,900,1600,2,40,1,64.0%,0.0,-1,,,,,,,,,100000,0
