Trade Number,Market Price,Excess Demand,Speculator Proportion,Kurtosis MP,Kurtosis ED,Kurtosis SP,MP Volatility Last 100 Trades,MP Volatility Last 10 Trades,Pre-CUSP Market Price Difference,Last 100 Pre-CUSP Market Prices Difference
59541,23.4,-511,64.92,nan,nan,nan,0.54,0.577,0.0,3.9
59542,23.4,-511,64.92,nan,nan,nan,0.54,0.577,0.0,3.9
59543,23.4,-510,64.92,nan,nan,nan,0.543,0.707,0.0,3.2
59544,23.4,-510,64.92,nan,nan,nan,0.543,0.707,0.0,3.2
59545,23.4,-510,64.92,nan,nan,nan,0.543,0.707,0.0,3.2
59546,23.4,-510,64.92,nan,nan,nan,0.543,0.707,0.0,3.2
59547,23.4,-509,64.92,nan,nan,nan,0.543,0.707,0.0,3.2
59548,23.4,-509,64.92,nan,nan,nan,0.543,nan,0.0,3.2
59549,23.4,-509,64.92,nan,nan,nan,0.543,nan,0.0,3.2
59550,23.4,-509,64.92,nan,nan,nan,0.543,nan,0.0,3.2
59551,23.4,-508,64.92,nan,nan,nan,0.543,nan,0.0,3.2
59552,23.4,-508,64.92,nan,nan,nan,0.543,nan,0.0,3.2
59553,23.4,-508,64.92,nan,nan,nan,0.543,nan,0.0,3.2
59554,23.4,-507,64.92,nan,nan,nan,0.543,nan,0.0,3.2
59555,24.4,-507,64.92,nan,nan,nan,0.54,0.707,1.0,3.2
59556,24.4,-506,64.92,nan,nan,nan,0.54,0.577,1.0,3.2
59557,26.05,-506,64.92,nan,nan,nan,0.538,0.577,2.65,3.5
59558,26.05,-505,64.92,nan,nan,nan,0.538,0.577,2.65,3.5
59559,26.05,-505,64.92,nan,nan,nan,0.538,0.577,2.65,3.5
59560,26.05,-505,64.92,nan,nan,nan,0.538,0.577,2.65,3.5
59561,26.05,-505,64.92,nan,nan,nan,0.538,0.577,2.65,3.5
59562,26.05,-505,64.92,nan,nan,nan,0.538,0.577,2.65,3.5
59563,26.05,-505,64.92,nan,nan,nan,0.538,0.577,2.65,3.5
59564,26.05,-505,64.92,nan,nan,nan,0.538,0.707,2.65,3.5
59565,26.05,-505,64.92,nan,nan,nan,0.537,nan,2.65,3.5
59566,26.05,-505,64.92,nan,nan,nan,0.54,nan,2.65,3.5
59567,26.05,-504,64.92,nan,nan,nan,0.54,nan,2.65,3.5
59568,26.3,-503,64.92,nan,nan,nan,0.538,0.707,2.9,3.75
59569,26.3,-503,64.92,nan,nan,nan,0.538,0.707,2.9,3.75
59570,26.3,-503,64.92,nan,nan,nan,0.538,0.707,2.9,3.75
59571,26.3,-502,64.92,nan,nan,nan,0.538,0.707,2.9,3.75
59572,26.3,-502,64.92,nan,nan,nan,0.538,0.707,2.9,3.75
59573,26.3,-502,64.92,nan,nan,nan,0.537,0.707,2.9,3.75
59574,26.3,-502,64.92,nan,nan,nan,0.54,0.707,2.9,3.75
59575,26.3,-501,64.92,nan,nan,nan,0.54,0.707,2.9,3.75
59576,26.3,-501,64.92,nan,nan,nan,0.54,nan,2.9,3.75
59577,26.3,-500,64.92,nan,nan,nan,0.54,nan,2.9,3.75
59578,26.3,-502,64.92,nan,nan,nan,0.54,nan,2.9,3.75
59579,24.4,-502,64.92,nan,nan,nan,0.54,0.707,2.9,3.75
59580,24.4,-502,64.92,nan,nan,nan,0.54,0.707,2.9,3.75
59581,24.4,-506,64.92,nan,nan,nan,0.54,0.577,2.9,3.75
59582,22.75,-505,64.92,nan,nan,nan,0.543,0.624,3.55,3.75
59583,23.0,-505,64.92,nan,nan,nan,0.54,0.579,3.55,3.75
59584,23.0,-505,64.92,nan,nan,nan,0.54,0.579,3.55,3.75
59585,23.0,-505,64.92,nan,nan,nan,0.54,0.579,3.55,3.75
59586,23.0,-505,64.92,nan,nan,nan,0.54,0.579,3.55,3.75
59587,23.0,-505,64.92,nan,nan,nan,0.54,0.53,3.55,3.75
59588,23.0,-505,64.92,nan,nan,nan,0.539,0.626,3.55,3.75
59589,23.0,-504,64.92,nan,nan,nan,0.542,0.626,3.55,3.6
59590,23.0,-504,64.92,nan,nan,nan,0.542,0.107,3.55,3.6
59591,23.0,-504,64.92,nan,nan,nan,0.542,nan,3.55,3.6
59592,23.0,-504,64.92,nan,nan,nan,0.542,nan,3.55,3.6
59593,23.0,-503,64.92,nan,nan,nan,0.542,nan,3.55,3.6
59594,23.0,-502,64.92,nan,nan,nan,0.542,nan,3.55,3.6
59595,23.0,-501,64.92,nan,nan,nan,0.543,nan,3.55,3.6
59596,23.1,-501,64.92,nan,nan,nan,0.54,0.707,3.55,3.6
59597,23.1,-501,64.92,nan,nan,nan,0.54,0.707,3.55,3.6
59598,23.1,-501,64.92,nan,nan,nan,0.54,0.707,3.55,3.6
59599,23.1,-501,64.92,nan,nan,nan,0.54,0.707,3.55,3.6
59600,23.1,-501,64.92,nan,nan,nan,0.54,0.707,3.55,3.6
59601,23.1,-501,64.92,nan,nan,nan,0.54,0.707,3.55,3.6
59602,23.1,-501,64.92,nan,nan,nan,0.54,0.707,3.55,3.6
59603,23.1,-501,64.92,nan,nan,nan,0.54,0.707,3.55,3.6
59604,23.1,-501,64.92,nan,nan,nan,0.54,nan,3.55,3.6
59605,23.1,-501,64.92,nan,nan,nan,0.539,nan,3.55,3.6
59606,23.1,-500,64.92,nan,nan,nan,0.543,nan,3.55,3.6
59607,24.75,-500,64.92,nan,nan,nan,0.539,0.707,3.55,3.6
59608,24.75,-499,64.92,nan,nan,nan,0.543,0.577,3.55,3.6
59609,26.25,-499,64.92,nan,nan,nan,0.54,0.577,3.55,3.6
59610,26.25,-498,64.92,nan,nan,nan,0.54,0.548,3.55,3.6
59611,26.35,-504,64.92,nan,nan,nan,4.269,9.851,3.6,3.65
59612,24.0,-503,64.92,nan,nan,nan,4.202,9.085,3.6,3.65
59613,24.0,-512,64.92,nan,nan,nan,4.144,8.525,3.6,3.65
59614,22.55,-512,64.92,nan,nan,nan,4.138,8.016,3.8,3.8
59615,22.55,-512,64.92,nan,nan,nan,4.202,8.474,3.8,3.8
59616,22.55,-512,64.92,nan,nan,nan,4.202,9.085,3.8,3.8
59617,22.55,-512,64.92,nan,nan,nan,4.263,9.769,3.8,3.8
59618,22.55,-512,64.92,nan,nan,nan,4.333,10.745,3.8,3.8
59619,22.55,-512,64.92,nan,nan,nan,4.407,11.926,3.8,3.8
59620,22.55,-512,64.92,nan,nan,nan,4.407,0.577,3.8,3.8
59621,22.55,-512,64.92,nan,nan,nan,4.407,0.707,3.8,3.8
59622,22.55,-511,64.92,nan,nan,nan,4.407,nan,3.8,3.8
59623,22.55,-511,64.92,nan,nan,nan,4.407,nan,3.8,3.8
59624,22.55,-510,64.92,nan,nan,nan,4.478,nan,3.8,3.8
59625,22.55,-509,64.92,nan,nan,nan,4.559,nan,3.8,3.8
59626,22.55,-509,64.92,nan,nan,nan,4.559,nan,3.8,3.8
59627,22.55,-509,64.92,nan,nan,nan,4.559,nan,3.8,3.8
59628,22.55,-508,64.92,nan,nan,nan,4.484,nan,3.8,3.8
59629,22.7,-508,64.92,nan,nan,nan,4.407,0.707,3.8,3.8
59630,22.7,-508,64.92,nan,nan,nan,4.478,0.707,3.8,3.8
59631,22.7,-508,64.92,nan,nan,nan,4.559,0.707,3.8,3.8
59632,22.7,-508,64.92,nan,nan,nan,4.638,0.707,3.8,3.8
59633,22.7,-507,64.92,nan,nan,nan,4.729,0.707,3.8,3.8
59634,22.7,-507,64.92,nan,nan,nan,4.729,0.707,3.8,3.8
59635,22.7,-510,64.92,nan,nan,nan,4.645,0.577,3.8,3.8
59636,21.45,-510,64.92,nan,nan,nan,4.559,0.577,4.9,4.9
59637,21.45,-510,64.92,nan,nan,nan,4.559,0.577,4.9,4.9
59638,21.45,-514,64.92,nan,nan,nan,4.559,0.577,4.9,4.9
59639,19.45,-513,64.92,nan,nan,nan,4.559,0.649,6.9,6.9
59640,19.9,-513,64.92,nan,nan,nan,4.477,0.596,6.9,6.9
59641,19.9,-512,64.92,nan,nan,nan,4.477,0.596,6.9,6.9
59642,19.9,-512,64.92,nan,nan,nan,4.477,0.596,6.9,6.9
59643,19.9,-512,64.92,nan,nan,nan,4.477,0.596,6.9,6.9
59644,19.9,-512,64.92,nan,nan,nan,4.477,0.548,6.9,6.9
59645,19.9,-512,64.92,nan,nan,nan,4.477,0.652,6.9,6.9
59646,19.9,-512,64.92,nan,nan,nan,4.477,0.652,6.9,6.9
59647,19.9,-515,64.92,nan,nan,nan,4.406,0.652,6.9,6.9
59648,18.7,-516,64.92,nan,nan,nan,4.338,0.566,7.65,7.65
59649,17.55,-516,64.92,nan,nan,nan,4.268,0.566,8.8,8.8
59650,17.55,-516,64.92,nan,nan,nan,4.268,0.566,8.8,8.8
59651,17.55,-520,64.92,nan,nan,nan,4.207,0.493,8.8,8.8
59652,16.45,-520,64.92,nan,nan,nan,4.143,0.54,9.9,9.9
59653,16.45,-520,64.92,nan,nan,nan,4.201,0.54,9.9,9.9
59654,16.45,-520,64.92,nan,nan,nan,4.268,0.54,9.9,9.9
59655,16.45,-520,64.92,nan,nan,nan,4.332,0.54,9.9,9.9
59656,16.45,-520,64.92,nan,nan,nan,4.406,0.566,9.9,9.9
59657,16.45,-520,64.92,nan,nan,nan,4.406,0.577,9.9,9.9
59658,16.45,-519,64.92,nan,nan,nan,4.406,0.707,9.9,9.9
59659,16.45,-519,64.92,nan,nan,nan,4.406,0.707,9.9,9.9
59660,16.45,-519,64.92,nan,nan,nan,4.406,nan,9.9,9.9
59661,16.45,-519,64.92,nan,nan,nan,4.406,nan,9.9,9.9
59662,16.45,-518,64.92,nan,nan,nan,4.406,nan,9.9,9.9
59663,16.45,-518,64.92,nan,nan,nan,4.406,nan,9.9,9.9
59664,16.45,-518,64.92,nan,nan,nan,4.406,nan,9.9,9.9
59665,16.45,-518,64.92,nan,nan,nan,4.406,nan,9.9,9.9
59666,16.45,-517,64.92,nan,nan,nan,4.406,nan,9.9,9.9
59667,16.55,-517,64.92,nan,nan,nan,4.406,0.707,9.9,9.9
59668,16.55,-517,64.92,nan,nan,nan,4.406,0.707,9.9,9.9
59669,16.55,-517,64.92,nan,nan,nan,4.406,0.707,9.9,9.9
59670,16.55,-517,64.92,nan,nan,nan,4.406,0.707,9.9,9.9
59671,16.55,-517,64.92,nan,nan,nan,4.406,0.707,9.9,9.9
59672,16.55,-517,64.92,nan,nan,nan,4.406,0.707,9.9,9.9
59673,16.55,-517,64.92,nan,nan,nan,4.406,0.707,9.9,9.9
59674,16.55,-517,64.92,nan,nan,nan,4.406,0.707,9.9,9.9
59675,16.55,-516,64.92,nan,nan,nan,4.406,nan,9.9,9.9
59676,16.55,-516,64.92,nan,nan,nan,4.406,nan,9.9,9.9
59677,16.55,-517,64.92,nan,nan,nan,4.406,nan,9.9,9.9
59678,16.45,-516,64.92,nan,nan,nan,4.816,8.485,9.9,9.9
59679,17.55,-516,64.92,nan,nan,nan,4.737,6.658,9.9,9.9
59680,17.55,-516,64.92,nan,nan,nan,4.807,6.658,9.9,9.9
59681,17.55,-515,64.92,nan,nan,nan,4.817,5.852,9.9,9.9
59682,18.65,-514,64.92,nan,nan,nan,4.817,5.167,9.9,9.9
59683,18.65,-513,64.92,nan,nan,nan,4.746,4.761,9.9,9.9
59684,19.4,-513,64.92,nan,nan,nan,4.67,4.375,9.9,9.9
59685,19.4,-513,64.92,nan,nan,nan,4.67,4.375,9.9,9.9
59686,19.4,-512,64.92,nan,nan,nan,4.67,4.68,9.9,9.9
59687,19.4,-512,64.92,nan,nan,nan,4.67,0.548,9.9,9.9
59688,19.4,-512,64.92,nan,nan,nan,4.67,0.577,9.9,9.9
59689,19.4,-511,64.92,nan,nan,nan,4.605,0.548,9.9,9.9
59690,20.0,-510,64.92,nan,nan,nan,4.559,0.898,9.9,9.9
59691,21.3,-510,64.92,nan,nan,nan,4.492,0.898,9.9,9.9
59692,21.3,-510,64.92,nan,nan,nan,4.492,1.031,9.9,9.9
59693,21.3,-510,64.92,nan,nan,nan,4.492,1.084,9.9,9.9
59694,21.3,-510,64.92,nan,nan,nan,4.552,1.084,9.9,9.9
59695,21.3,-509,64.92,nan,nan,nan,4.559,0.886,9.9,9.9
59696,21.9,-508,64.92,nan,nan,nan,4.496,0.778,9.9,9.9
59697,22.35,-508,64.92,nan,nan,nan,4.432,0.803,9.9,9.9
59698,22.35,-507,64.92,nan,nan,nan,4.376,0.803,9.9,9.9
59699,22.6,-506,64.92,nan,nan,nan,4.319,0.462,9.9,9.9
59700,22.7,-505,64.92,nan,nan,nan,4.262,0.462,9.9,9.9
59701,22.7,-504,64.92,nan,nan,nan,4.262,0.462,9.9,9.9
59702,22.7,-504,64.92,nan,nan,nan,4.262,0.462,9.9,9.9
59703,22.7,-504,64.92,nan,nan,nan,4.262,0.462,9.9,9.9
59704,22.7,-504,64.92,nan,nan,nan,4.262,0.447,9.9,9.9
59705,22.7,-503,64.92,nan,nan,nan,4.262,0.502,9.9,9.9
59706,23.8,-502,64.92,nan,nan,nan,4.264,0.425,9.9,9.9
59707,24.4,-502,64.92,nan,nan,nan,4.259,0.418,9.9,9.9
59708,24.4,-502,64.92,nan,nan,nan,4.316,0.483,9.9,9.9
59709,24.4,-502,64.92,nan,nan,nan,4.369,0.501,9.9,9.9
59710,24.4,-502,64.92,nan,nan,nan,2.001,0.501,9.9,9.9
59711,24.4,-501,64.92,nan,nan,nan,2.029,0.501,9.9,7.95
59712,24.4,-500,64.92,nan,nan,nan,2.055,0.501,9.9,7.95
59713,24.4,-500,64.92,nan,nan,nan,2.087,0.501,9.9,7.95
59714,24.4,-499,64.92,nan,nan,nan,2.06,0.501,9.9,7.95
59715,25.15,-498,64.92,nan,nan,nan,2.045,0.87,9.9,8.7
59716,26.45,-498,64.92,nan,nan,nan,2.016,0.87,10.0,10.0
59717,26.45,-498,64.92,nan,nan,nan,2.016,0.87,10.0,10.0
59718,26.45,-497,64.92,nan,nan,nan,2.016,0.87,10.0,10.0
59719,26.45,-497,64.92,nan,nan,nan,2.016,0.87,10.0,10.0
59720,26.45,-497,64.92,nan,nan,nan,2.016,0.87,10.0,10.0
59721,26.45,-508,64.92,nan,nan,nan,1.992,0.712,10.0,10.0
59722,24.45,-507,64.92,nan,nan,nan,1.965,0.744,10.0,10.0
59723,24.45,-507,64.92,nan,nan,nan,1.965,0.844,10.0,10.0
59724,24.45,-507,64.92,nan,nan,nan,1.965,0.577,10.0,10.0
59725,24.45,-507,64.92,nan,nan,nan,1.965,0.707,10.0,10.0
59726,24.45,-507,64.92,nan,nan,nan,1.965,0.707,10.0,10.0
59727,24.45,-507,64.92,nan,nan,nan,1.988,0.707,10.0,10.0
59728,24.45,-506,64.92,nan,nan,nan,2.016,0.707,10.0,10.0
59729,24.45,-506,64.92,nan,nan,nan,2.016,0.707,10.0,10.0
59730,24.45,-506,64.92,nan,nan,nan,2.016,nan,10.0,10.0
59731,24.45,-505,64.92,nan,nan,nan,2.016,nan,10.0,10.0
59732,24.45,-504,64.92,nan,nan,nan,2.016,nan,10.0,10.0
59733,24.45,-503,64.92,nan,nan,nan,2.016,nan,10.0,10.0
59734,24.45,-503,64.92,nan,nan,nan,2.042,nan,10.0,10.0
59735,24.45,-502,64.92,nan,nan,nan,2.072,nan,10.0,10.0
59736,24.45,-501,64.92,nan,nan,nan,2.045,nan,10.0,10.0
59737,24.75,-501,64.92,nan,nan,nan,2.042,0.707,10.0,10.0
59738,24.75,-500,64.92,nan,nan,nan,2.071,0.707,10.0,10.0
59739,24.75,-499,64.92,nan,nan,nan,2.102,0.707,10.0,10.0
59740,24.75,-499,64.92,nan,nan,nan,2.102,0.707,10.0,10.0
59741,24.75,-499,64.92,nan,nan,nan,2.102,0.707,10.0,10.0
59742,24.75,-498,64.92,nan,nan,nan,2.074,0.577,10.0,10.0
59743,24.95,-498,64.92,nan,nan,nan,2.044,0.577,10.0,10.0
59744,24.95,-497,64.92,nan,nan,nan,2.044,0.577,10.0,10.0
59745,24.95,-498,64.92,nan,nan,nan,2.018,0.577,10.0,10.0
59746,24.75,-498,64.92,nan,nan,nan,2.015,0.577,10.0,10.0
59747,24.75,-498,64.92,nan,nan,nan,2.041,0.577,10.0,10.0
59748,24.75,-498,64.92,nan,nan,nan,2.071,0.577,10.0,10.0
59749,24.75,-498,64.92,nan,nan,nan,2.071,0.577,10.0,10.0
59750,24.75,-498,64.92,nan,nan,nan,2.099,0.577,10.0,10.0
59751,24.75,-498,64.92,nan,nan,nan,2.132,0.577,10.0,10.0
59752,24.75,-498,64.92,nan,nan,nan,2.132,0.707,10.0,10.0
59753,24.75,-498,64.92,nan,nan,nan,2.132,0.707,10.0,10.0
59754,24.75,-498,64.92,nan,nan,nan,2.132,nan,10.0,10.0
59755,24.75,-498,64.92,nan,nan,nan,2.132,nan,10.0,10.0
59756,24.75,-498,64.92,nan,nan,nan,2.132,nan,10.0,10.0
59757,24.75,-498,64.92,nan,nan,nan,2.132,nan,10.0,10.0
59758,24.75,-498,64.92,nan,nan,nan,2.132,nan,10.0,10.0
59759,24.75,-497,64.92,nan,nan,nan,2.103,nan,10.0,10.0
59760,25.45,-497,64.92,nan,nan,nan,2.071,0.707,10.0,10.0
59761,25.45,-497,64.92,nan,nan,nan,2.071,0.707,10.0,10.0
59762,25.45,-497,64.92,nan,nan,nan,2.071,0.707,10.0,10.0
59763,25.45,-497,64.92,nan,nan,nan,2.071,0.707,10.0,10.0
59764,25.45,-497,64.92,nan,nan,nan,2.071,0.707,10.0,10.0
59765,25.45,-497,64.92,nan,nan,nan,2.099,0.707,10.0,10.0
59766,25.45,-497,64.92,nan,nan,nan,2.132,0.707,10.0,10.0
59767,25.45,-497,64.92,nan,nan,nan,2.132,0.707,10.0,10.0
59768,25.45,-496,64.92,nan,nan,nan,2.132,nan,10.0,10.0
59769,25.45,-500,64.92,nan,nan,nan,2.103,nan,10.0,10.0
59770,24.0,-500,64.92,nan,nan,nan,2.071,0.707,10.0,10.0
59771,24.0,-500,64.92,nan,nan,nan,2.071,0.707,10.0,10.0
59772,24.0,-500,64.92,nan,nan,nan,2.071,0.707,10.0,10.0
59773,24.0,-500,64.92,nan,nan,nan,2.071,0.707,10.0,10.0
59774,24.0,-500,64.92,nan,nan,nan,2.071,0.707,10.0,10.0
59775,24.0,-499,64.92,nan,nan,nan,2.071,0.707,10.0,10.0
59776,24.0,-499,64.92,nan,nan,nan,2.099,0.707,10.0,10.0
59777,24.0,-499,64.92,nan,nan,nan,0.593,0.707,10.0,10.0
59778,24.0,-499,64.92,nan,nan,nan,0.593,nan,10.0,8.9
59779,24.0,-498,64.92,nan,nan,nan,0.593,nan,10.0,8.9
59780,24.0,-498,64.92,nan,nan,nan,0.599,nan,10.0,8.9
59781,24.0,-498,64.92,nan,nan,nan,0.599,nan,10.0,7.8
59782,24.0,-498,64.92,nan,nan,nan,0.605,nan,10.0,7.8
59783,24.0,-497,64.92,nan,nan,nan,0.598,nan,10.0,7.05
59784,24.1,-497,64.92,nan,nan,nan,0.599,0.707,10.0,7.05
59785,24.1,-496,64.92,nan,nan,nan,0.593,0.577,10.0,7.05
59786,25.25,-496,64.92,nan,nan,nan,0.593,0.577,10.0,7.05
59787,25.25,-496,64.92,nan,nan,nan,0.593,0.577,10.0,7.05
59788,25.25,-496,64.92,nan,nan,nan,0.599,0.577,10.0,7.05
59789,25.25,-495,64.92,nan,nan,nan,0.528,0.577,10.0,6.45
59790,25.25,-495,64.92,nan,nan,nan,0.528,0.577,10.0,5.15
59791,25.25,-495,64.92,nan,nan,nan,0.528,0.577,10.0,5.15
59792,25.25,-494,64.92,nan,nan,nan,0.528,0.577,10.0,5.15
59793,25.25,-494,64.92,nan,nan,nan,0.528,0.707,10.0,5.15
59794,25.25,-494,64.92,nan,nan,nan,0.53,nan,10.0,5.15
59795,25.25,-501,64.92,nan,nan,nan,0.536,nan,10.0,4.55
59796,23.9,-501,64.92,nan,nan,nan,0.536,0.707,10.0,4.1
59797,23.9,-501,64.92,nan,nan,nan,0.539,0.707,10.0,4.1
59798,23.9,-501,64.92,nan,nan,nan,0.55,0.707,10.0,3.85
59799,23.9,-501,64.92,nan,nan,nan,0.55,0.707,10.0,3.75
59800,23.9,-501,64.92,nan,nan,nan,0.55,0.707,10.0,3.75
59801,23.9,-501,64.92,nan,nan,nan,0.55,0.707,10.0,3.75
59802,23.9,-500,64.92,nan,nan,nan,0.55,0.707,10.0,3.75
59803,23.9,-500,64.92,nan,nan,nan,0.55,0.707,10.0,3.75
59804,23.9,-499,64.92,nan,nan,nan,0.554,nan,10.0,3.75
59805,23.9,-499,64.92,nan,nan,nan,0.567,nan,10.0,2.65
59806,23.9,-499,64.92,nan,nan,nan,0.568,nan,10.0,2.55
59807,23.9,-498,64.92,nan,nan,nan,0.568,nan,10.0,2.55
59808,23.9,-503,64.92,nan,nan,nan,0.562,nan,10.0,2.55
59809,22.65,-503,64.92,nan,nan,nan,0.562,0.707,10.0,3.8
59810,22.65,-503,64.92,nan,nan,nan,0.562,0.707,10.0,3.8
59811,22.65,-503,64.92,nan,nan,nan,0.562,0.707,10.0,3.8
59812,22.65,-503,64.92,nan,nan,nan,0.562,0.707,10.0,3.8
59813,22.65,-503,64.92,nan,nan,nan,0.567,0.707,10.0,3.8
59814,22.65,-503,64.92,nan,nan,nan,0.512,0.707,10.0,3.8
59815,22.65,-502,64.92,nan,nan,nan,0.513,0.707,10.0,3.8
59816,22.65,-502,64.92,nan,nan,nan,0.513,0.707,10.0,3.8
59817,22.65,-502,64.92,nan,nan,nan,0.513,nan,10.0,3.8
59818,22.65,-502,64.92,nan,nan,nan,0.513,nan,10.0,3.8
59819,22.65,-502,64.92,nan,nan,nan,0.513,nan,10.0,3.8
59820,22.65,-502,64.92,nan,nan,nan,0.513,nan,10.0,3.8
59821,22.65,-503,64.92,nan,nan,nan,0.513,nan,10.0,2.8
59822,22.55,-503,64.92,nan,nan,nan,0.513,0.707,10.0,2.9
59823,22.55,-502,64.92,nan,nan,nan,0.512,0.577,10.0,2.9
59824,22.65,-502,64.92,nan,nan,nan,0.512,0.577,10.0,2.9
59825,22.65,-502,64.92,nan,nan,nan,0.512,0.577,10.0,2.9
59826,22.65,-502,64.92,nan,nan,nan,0.512,0.577,10.0,2.9
59827,22.65,-502,64.92,nan,nan,nan,0.512,0.577,10.0,2.9
59828,22.65,-502,64.92,nan,nan,nan,0.512,0.577,10.0,2.9
59829,22.65,-502,64.92,nan,nan,nan,0.512,0.577,10.0,2.9
59830,22.65,-502,64.92,nan,nan,nan,0.512,0.577,10.0,2.9
59831,22.65,-502,64.92,nan,nan,nan,0.512,0.707,10.0,2.9
59832,22.65,-501,64.92,nan,nan,nan,0.512,nan,10.0,2.9
59833,22.65,-500,64.92,nan,nan,nan,0.512,nan,10.0,2.9
59834,22.65,-500,64.92,nan,nan,nan,0.512,nan,10.0,2.9
59835,22.65,-500,64.92,nan,nan,nan,0.512,nan,10.0,2.9
59836,22.65,-499,64.92,nan,nan,nan,0.512,nan,10.0,2.9
59837,23.3,-498,64.92,nan,nan,nan,0.512,0.707,10.0,2.9
59838,23.3,-497,64.92,nan,nan,nan,0.511,0.577,10.0,2.9
59839,23.65,-497,64.92,nan,nan,nan,0.511,0.577,10.0,2.9
59840,23.65,-497,64.92,nan,nan,nan,0.511,0.577,10.0,2.9
59841,23.65,-497,64.92,nan,nan,nan,0.511,0.577,10.0,2.9
59842,23.65,-496,64.92,nan,nan,nan,0.512,0.577,10.0,2.9
59843,23.65,-495,64.92,nan,nan,nan,0.511,0.548,10.0,2.9
59844,23.8,-495,64.92,nan,nan,nan,0.511,0.548,10.0,2.9
59845,23.8,-501,64.92,nan,nan,nan,0.511,0.548,10.0,2.9
59846,22.5,-500,64.92,nan,nan,nan,0.511,0.548,10.0,2.95
59847,22.5,-504,64.92,nan,nan,nan,0.51,0.548,10.0,2.95
59848,21.2,-504,64.92,nan,nan,nan,0.51,0.548,10.0,4.25
59849,21.2,-504,64.92,nan,nan,nan,0.51,0.548,10.0,4.25
59850,21.2,-504,64.92,nan,nan,nan,0.51,0.548,10.0,4.25
59851,21.2,-503,64.92,nan,nan,nan,0.509,0.535,10.0,4.25
59852,21.3,-503,64.92,nan,nan,nan,0.509,0.535,10.0,4.25
59853,21.3,-503,64.92,nan,nan,nan,0.509,0.548,10.0,4.25
59854,21.3,-502,64.92,nan,nan,nan,0.509,0.548,10.0,4.25
59855,21.3,-502,64.92,nan,nan,nan,0.509,0.577,10.0,4.25
59856,21.3,-501,64.92,nan,nan,nan,0.509,0.577,10.0,4.25
59857,21.9,-501,64.92,nan,nan,nan,0.509,0.577,10.0,4.25
59858,21.9,-501,64.92,nan,nan,nan,0.509,0.577,10.0,4.25
59859,21.9,-501,64.92,nan,nan,nan,0.509,0.577,10.0,4.25
59860,21.9,-501,64.92,nan,nan,nan,0.509,0.577,10.0,4.25
59861,21.9,-501,64.92,nan,nan,nan,0.509,0.707,10.0,4.25
59862,21.9,-500,64.92,nan,nan,nan,0.509,0.707,10.0,4.25
59863,21.9,-500,64.92,nan,nan,nan,0.509,0.707,10.0,4.25
59864,21.9,-500,64.92,nan,nan,nan,0.509,0.707,10.0,4.25
59865,21.9,-500,64.92,nan,nan,nan,0.509,nan,10.0,4.25
59866,21.9,-500,64.92,nan,nan,nan,0.509,nan,10.0,4.25
59867,21.9,-500,64.92,nan,nan,nan,0.509,nan,10.0,4.25
59868,21.9,-500,64.92,nan,nan,nan,0.509,nan,10.0,4.25
59869,21.9,-500,64.92,nan,nan,nan,0.51,nan,10.0,4.05
59870,21.9,-500,64.92,nan,nan,nan,0.51,nan,10.0,4.05
59871,21.9,-499,64.92,nan,nan,nan,0.509,nan,10.0,4.05
59872,22.6,-499,64.92,nan,nan,nan,0.509,0.707,10.0,4.05
59873,22.6,-499,64.92,nan,nan,nan,0.509,0.707,10.0,4.05
59874,22.6,-499,64.92,nan,nan,nan,0.509,0.707,10.0,4.05
59875,22.6,-499,64.92,nan,nan,nan,0.509,0.707,10.0,4.05
59876,22.6,-499,64.92,nan,nan,nan,0.509,0.707,10.0,4.05
59877,22.6,-499,64.92,nan,nan,nan,0.509,0.707,10.0,4.05
59878,22.6,-499,64.92,nan,nan,nan,0.509,0.707,10.0,4.05
59879,22.6,-499,64.92,nan,nan,nan,0.509,0.707,10.0,4.05
59880,22.6,-498,64.92,nan,nan,nan,0.509,0.707,10.0,4.05
59881,23.85,-498,64.92,nan,nan,nan,0.509,0.707,10.0,4.05
59882,23.85,-498,64.92,nan,nan,nan,0.509,0.707,10.0,4.05
59883,23.85,-498,64.92,nan,nan,nan,0.509,0.707,10.0,4.05
59884,23.85,-498,64.92,nan,nan,nan,0.509,0.707,10.0,4.05
59885,23.85,-498,64.92,nan,nan,nan,0.51,0.707,10.0,4.05
59886,23.85,-497,64.92,nan,nan,nan,0.509,0.577,10.0,4.05
59887,25.1,-497,64.92,nan,nan,nan,0.509,0.577,10.0,4.05
59888,25.1,-496,64.92,nan,nan,nan,0.509,0.548,10.0,4.05
59889,26.45,-495,64.92,nan,nan,nan,0.509,0.548,10.0,5.25
59890,26.45,-495,64.92,nan,nan,nan,0.509,0.577,10.0,5.25
59891,26.45,-495,64.92,nan,nan,nan,0.509,0.577,10.0,5.25
59892,26.45,-495,64.92,nan,nan,nan,0.509,0.577,10.0,5.25
59893,26.45,-495,64.92,nan,nan,nan,0.509,0.577,10.0,5.25
59894,26.45,-495,64.92,nan,nan,nan,0.509,0.577,10.0,5.25
59895,26.45,-495,64.92,nan,nan,nan,0.509,0.577,10.0,5.25
59896,26.45,-495,64.92,nan,nan,nan,0.509,0.707,10.0,5.25
59897,26.45,-495,64.92,nan,nan,nan,0.509,nan,10.0,5.25
59898,26.45,-494,64.92,nan,nan,nan,0.509,nan,10.0,5.25
59899,26.45,-493,64.92,nan,nan,nan,0.509,nan,10.0,5.25
59900,26.45,-493,64.92,nan,nan,nan,0.509,nan,10.0,5.25
59901,26.45,-492,64.92,nan,nan,nan,0.509,nan,10.0,5.25
59902,26.45,-492,64.92,nan,nan,nan,0.509,nan,10.0,5.25
59903,26.45,-492,64.92,nan,nan,nan,0.509,nan,10.0,5.25
59904,26.45,-491,64.92,nan,nan,nan,0.509,nan,10.0,5.25
59905,27.85,-491,64.92,nan,nan,nan,0.509,0.707,11.4,6.65
59906,27.85,-491,64.92,nan,nan,nan,0.509,0.707,11.4,6.65
59907,27.85,-491,64.92,nan,nan,nan,0.509,0.707,11.4,6.65
59908,27.85,-491,64.92,nan,nan,nan,0.509,0.707,11.4,6.65
59909,27.85,-490,64.92,nan,nan,nan,0.509,0.577,11.4,6.65
59910,28.6,-489,64.92,nan,nan,nan,0.5,0.482,12.15,7.4
59911,28.95,-489,64.92,nan,nan,nan,0.5,0.5,12.5,7.75
59912,28.95,-488,64.92,nan,nan,nan,0.5,0.493,12.5,7.75
59913,29.1,-489,64.92,nan,nan,nan,0.558,0.756,12.65,7.9
59914,28.95,-492,64.92,nan,nan,nan,2.274,5.376,12.65,7.9
59915,26.95,-492,64.92,nan,nan,nan,2.245,4.995,12.65,7.9
59916,26.95,-492,64.92,nan,nan,nan,2.245,4.995,12.65,7.9
59917,26.95,-495,64.92,nan,nan,nan,2.212,4.641,12.65,7.9
59918,24.65,-495,64.92,nan,nan,nan,2.186,4.685,12.65,7.9
59919,24.65,-495,64.92,nan,nan,nan,2.186,5.024,12.65,7.9
59920,24.65,-494,64.92,nan,nan,nan,2.217,5.414,12.65,7.9
59921,24.65,-493,64.92,nan,nan,nan,2.212,5.414,12.65,7.9
59922,25.6,-492,64.92,nan,nan,nan,2.212,5.221,12.65,7.9
59923,26.55,-491,64.92,nan,nan,nan,2.209,0.491,12.65,7.9
59924,27.05,-491,64.92,nan,nan,nan,2.182,0.491,12.65,7.9
59925,27.05,-490,64.92,nan,nan,nan,2.153,0.474,12.65,7.9
59926,27.95,-489,64.92,nan,nan,nan,2.128,0.5,12.65,7.9
59927,27.95,-488,64.92,nan,nan,nan,2.128,0.491,12.65,7.9
59928,27.95,-488,64.92,nan,nan,nan,2.128,0.491,12.65,7.9
59929,27.95,-487,64.92,nan,nan,nan,2.101,0.474,12.65,7.9
59930,28.6,-486,64.92,nan,nan,nan,2.078,0.593,12.65,7.9
59931,29.65,-485,64.92,nan,nan,nan,2.056,0.661,13.2,8.45
59932,31.25,-485,64.92,nan,nan,nan,2.035,0.726,14.8,10.05
59933,31.25,-485,64.92,nan,nan,nan,2.035,0.711,14.8,10.05
59934,31.25,-485,64.92,nan,nan,nan,2.035,0.791,14.8,10.05
59935,31.25,-485,64.92,nan,nan,nan,2.06,0.741,14.8,10.05
59936,31.25,-485,64.92,nan,nan,nan,2.081,0.741,14.8,10.05
59937,31.25,-484,64.92,nan,nan,nan,2.081,0.642,14.8,10.05
59938,31.3,-483,64.92,nan,nan,nan,2.081,0.791,14.85,10.1
59939,31.3,-483,64.92,nan,nan,nan,2.081,0.759,14.85,10.1
59940,31.3,-483,64.92,nan,nan,nan,2.081,0.577,14.85,10.1
59941,31.3,-482,64.92,nan,nan,nan,2.081,0.707,14.85,10.1
59942,31.3,-482,64.92,nan,nan,nan,2.107,0.707,14.85,10.1
59943,31.3,-481,64.92,nan,nan,nan,2.131,0.707,14.85,10.1
59944,31.3,-480,64.92,nan,nan,nan,2.131,0.577,14.85,10.1
59945,31.35,-480,64.92,nan,nan,nan,2.131,0.577,14.9,10.15
59946,31.35,-480,64.92,nan,nan,nan,2.159,0.577,14.9,10.15
59947,31.35,-480,64.92,nan,nan,nan,2.184,0.707,14.9,10.15
59948,31.35,-480,64.92,nan,nan,nan,2.184,0.707,14.9,10.15
59949,31.35,-479,64.92,nan,nan,nan,2.184,0.707,14.9,10.15
59950,31.35,-479,64.92,nan,nan,nan,2.215,0.707,14.9,10.15
59951,31.35,-479,64.92,nan,nan,nan,2.242,0.707,14.9,10.05
59952,31.35,-479,64.92,nan,nan,nan,2.242,0.707,14.9,10.05
59953,31.35,-479,64.92,nan,nan,nan,2.242,nan,14.9,10.05
59954,31.35,-478,64.92,nan,nan,nan,2.242,nan,14.9,10.05
59955,31.35,-477,64.92,nan,nan,nan,2.276,nan,14.9,10.05
59956,31.35,-477,64.92,nan,nan,nan,2.305,nan,14.9,9.45
59957,31.35,-477,64.92,nan,nan,nan,2.305,nan,14.9,9.45
59958,31.35,-477,64.92,nan,nan,nan,2.305,nan,14.9,9.45
59959,31.35,-477,64.92,nan,nan,nan,2.305,nan,14.9,9.45
59960,31.35,-476,64.92,nan,nan,nan,2.305,nan,14.9,9.45
59961,31.35,-475,64.92,nan,nan,nan,2.305,nan,14.9,9.45
59962,31.35,-474,64.92,nan,nan,nan,2.305,nan,14.9,9.45
59963,31.35,-473,64.92,nan,nan,nan,2.305,nan,14.9,9.45
59964,31.35,-472,64.92,nan,nan,nan,2.305,nan,14.9,9.45
59965,31.35,-473,64.92,nan,nan,nan,2.27,nan,14.9,9.45
59966,31.3,-473,64.92,nan,nan,nan,2.242,0.707,14.9,9.45
59967,31.3,-473,64.92,nan,nan,nan,2.242,0.707,14.9,9.45
59968,31.3,-473,64.92,nan,nan,nan,2.242,0.707,14.9,9.45
59969,31.3,-473,64.92,nan,nan,nan,2.242,0.707,14.9,9.45
59970,31.3,-472,64.92,nan,nan,nan,2.276,0.707,14.9,9.45
59971,31.3,-472,64.92,nan,nan,nan,2.305,0.707,14.9,8.75
59972,31.3,-471,64.92,nan,nan,nan,2.305,0.707,14.9,8.75
59973,31.3,-471,64.92,nan,nan,nan,2.305,0.707,14.9,8.75
59974,31.3,-471,64.92,nan,nan,nan,2.305,nan,14.9,8.75
59975,31.3,-471,64.92,nan,nan,nan,2.305,nan,14.9,8.75
59976,31.3,-471,64.92,nan,nan,nan,2.305,nan,14.9,8.75
59977,31.3,-471,64.92,nan,nan,nan,2.305,nan,14.9,8.75
59978,31.3,-471,64.92,nan,nan,nan,2.305,nan,14.9,8.75
59979,31.3,-470,64.92,nan,nan,nan,2.342,nan,14.9,8.75
59980,31.3,-470,64.92,nan,nan,nan,2.375,nan,14.9,7.5
59981,31.3,-470,64.92,nan,nan,nan,2.375,nan,14.9,7.5
59982,31.3,-470,64.92,nan,nan,nan,2.375,nan,14.9,7.5
59983,31.3,-470,64.92,nan,nan,nan,2.375,nan,14.9,7.5
59984,31.3,-470,64.92,nan,nan,nan,2.375,nan,14.9,7.5
59985,31.3,-469,64.92,nan,nan,nan,2.415,nan,14.9,7.5
59986,31.3,-469,64.92,nan,nan,nan,2.451,nan,14.9,6.7
59987,31.3,-468,64.92,nan,nan,nan,2.496,nan,14.9,6.7
59988,31.3,-467,64.92,nan,nan,nan,2.536,nan,14.9,6.7
59989,31.3,-467,64.92,nan,nan,nan,2.536,nan,14.9,6.7
59990,31.3,-467,64.92,nan,nan,nan,2.536,nan,14.9,6.7
59991,31.3,-466,64.92,nan,nan,nan,2.536,nan,14.9,6.7
59992,31.3,-466,64.92,nan,nan,nan,2.536,nan,14.9,6.7
59993,31.3,-465,64.92,nan,nan,nan,2.489,nan,14.9,6.7
59994,32.75,-465,64.92,nan,nan,nan,2.451,0.707,16.3,8.1
59995,32.75,-465,64.92,nan,nan,nan,2.451,0.707,16.3,8.1
59996,32.75,-464,64.92,nan,nan,nan,2.451,0.707,16.3,8.1
59997,32.75,-463,64.92,nan,nan,nan,2.451,0.707,16.3,8.1
59998,32.75,-462,64.92,nan,nan,nan,2.451,0.707,16.3,8.1
59999,32.75,-461,64.92,nan,nan,nan,2.451,0.707,16.3,8.1
60000,32.75,-462,64.96,nan,nan,nan,2.409,0.577,16.3,8.1
60001,32.7,-464,64.96,nan,nan,nan,11.563,31.67,16.3,8.1
60002,29.5,-463,64.96,nan,nan,nan,11.392,31.92,16.3,8.1
60003,31.05,-462,64.96,nan,nan,nan,11.392,31.75,16.3,8.1
60004,32.65,-462,64.96,nan,nan,nan,11.392,28.456,16.3,8.1
60005,32.65,-462,64.96,nan,nan,nan,11.392,28.456,16.3,8.1
60006,32.65,-461,64.96,nan,nan,nan,11.218,25.928,16.3,8.1
60007,33.6,-460,64.96,nan,nan,nan,11.047,23.903,17.15,8.95
60008,35.75,-460,64.96,nan,nan,nan,11.053,22.401,19.3,11.1
60009,35.75,-460,64.96,nan,nan,nan,11.217,23.967,19.3,11.1
60010,35.75,-460,64.96,nan,nan,nan,11.384,1.0,19.3,11.1
60011,35.75,-460,64.96,nan,nan,nan,11.567,0.935,19.3,11.1
60012,35.75,-460,64.96,nan,nan,nan,11.74,1.074,19.3,11.1
60013,35.75,-459,64.96,nan,nan,nan,11.586,0.927,19.3,11.1
60014,36.8,-459,64.96,nan,nan,nan,11.586,0.934,20.35,12.15
60015,36.8,-458,64.96,nan,nan,nan,11.586,1.074,20.35,12.15
60016,36.8,-457,64.96,nan,nan,nan,11.786,0.577,20.35,12.15
60017,36.8,-457,64.96,nan,nan,nan,11.99,0.707,20.35,12.15
60018,36.8,-457,64.96,nan,nan,nan,11.99,0.707,20.35,12.15
60019,36.8,-457,64.96,nan,nan,nan,11.99,0.707,20.35,12.15
60020,36.8,-456,64.96,nan,nan,nan,12.212,0.707,20.35,12.15
60021,36.8,-456,64.96,nan,nan,nan,12.448,0.707,20.35,11.2
60022,36.8,-455,64.96,nan,nan,nan,12.694,nan,20.35,10.25
60023,36.8,-455,64.96,nan,nan,nan,12.949,nan,20.35,9.75
60024,36.8,-455,64.96,nan,nan,nan,13.231,nan,20.35,9.75
60025,36.8,-454,64.96,nan,nan,nan,13.521,nan,20.35,8.85
60026,36.8,-453,64.96,nan,nan,nan,13.221,nan,20.35,8.85
60027,38.8,-453,64.96,nan,nan,nan,12.949,0.707,22.35,10.85
60028,38.8,-453,64.96,nan,nan,nan,13.231,0.707,22.35,10.85
60029,38.8,-452,64.96,nan,nan,nan,13.235,0.577,22.35,10.2
60030,41.5,-452,64.96,nan,nan,nan,13.249,0.577,25.05,12.0
60031,41.5,-452,64.96,nan,nan,nan,13.54,0.577,25.05,12.0
60032,41.5,-458,64.96,nan,nan,nan,13.239,0.548,25.05,12.0
60033,37.35,-458,64.96,nan,nan,nan,12.966,0.548,25.05,12.0
60034,37.35,-457,64.96,nan,nan,nan,12.7,0.535,25.05,12.0
60035,39.3,-458,64.96,nan,nan,nan,12.47,0.756,25.05,12.0
60036,37.35,-458,64.96,nan,nan,nan,12.478,0.756,25.05,12.0
60037,37.35,-457,64.96,nan,nan,nan,12.47,0.744,25.05,12.0
60038,39.3,-457,64.96,nan,nan,nan,12.241,0.707,25.05,12.0
60039,39.3,-462,64.96,nan,nan,nan,12.017,0.744,25.05,12.0
60040,36.3,-461,64.96,nan,nan,nan,11.812,0.707,25.05,12.0
60041,36.3,-461,64.96,nan,nan,nan,11.812,0.707,25.05,12.0
60042,36.3,-461,64.96,nan,nan,nan,11.812,0.756,25.05,12.0
60043,36.3,-460,64.96,nan,nan,nan,12.024,0.753,25.05,12.0
60044,36.3,-460,64.96,nan,nan,nan,12.241,0.548,25.05,12.0
60045,36.3,-460,64.96,nan,nan,nan,12.241,0.577,25.05,12.0
60046,36.3,-459,64.96,nan,nan,nan,12.241,0.577,25.05,12.0
60047,36.3,-459,64.96,nan,nan,nan,12.241,0.707,25.05,12.0
60048,36.3,-459,64.96,nan,nan,nan,12.241,nan,25.05,12.0
60049,36.3,-458,64.96,nan,nan,nan,12.017,nan,25.05,12.0
60050,37.35,-458,64.96,nan,nan,nan,11.812,0.707,25.05,12.0
60051,37.35,-458,64.96,nan,nan,nan,11.812,0.707,25.05,12.0
60052,37.35,-458,64.96,nan,nan,nan,11.812,0.707,25.05,12.0
60053,37.35,-458,64.96,nan,nan,nan,11.812,0.707,25.05,12.0
60054,37.35,-461,64.96,nan,nan,nan,11.611,0.577,25.05,12.0
60055,35.4,-460,64.96,nan,nan,nan,11.425,0.577,25.05,12.0
60056,35.4,-459,64.96,nan,nan,nan,11.425,0.577,25.05,12.0
60057,35.4,-458,64.96,nan,nan,nan,11.243,0.548,25.05,12.0
60058,37.35,-458,64.96,nan,nan,nan,11.074,0.548,25.05,12.0
60059,37.35,-458,64.96,nan,nan,nan,11.074,0.577,25.05,12.0
60060,37.35,-457,64.96,nan,nan,nan,10.908,0.548,25.05,12.0
60061,39.3,-457,64.96,nan,nan,nan,10.754,0.548,25.05,12.0
60062,39.3,-457,64.96,nan,nan,nan,10.754,0.548,25.05,12.0
60063,39.3,-457,64.96,nan,nan,nan,10.754,0.548,25.05,12.0
60064,39.3,-457,64.96,nan,nan,nan,10.913,0.577,25.05,12.0
60065,39.3,-457,64.96,nan,nan,nan,11.074,0.577,25.05,12.0
60066,39.3,-456,64.96,nan,nan,nan,11.074,0.577,25.05,12.0
60067,39.3,-456,64.96,nan,nan,nan,11.074,0.707,25.05,12.0
60068,39.3,-456,64.96,nan,nan,nan,11.074,0.707,25.05,12.0
60069,39.3,-455,64.96,nan,nan,nan,11.074,nan,25.05,12.0
60070,39.3,-455,64.96,nan,nan,nan,11.074,nan,25.05,12.0
60071,39.3,-455,64.96,nan,nan,nan,11.074,nan,25.05,12.0
60072,39.3,-454,64.96,nan,nan,nan,11.074,nan,25.05,12.0
60073,39.3,-454,64.96,nan,nan,nan,11.074,nan,25.05,12.0
60074,39.3,-454,64.96,nan,nan,nan,11.074,nan,25.05,12.0
60075,39.3,-454,64.96,nan,nan,nan,11.074,nan,25.05,12.0
60076,39.3,-454,64.96,nan,nan,nan,11.074,nan,25.05,12.0
60077,39.3,-454,64.96,nan,nan,nan,11.074,nan,25.05,12.0
60078,39.3,-460,64.96,nan,nan,nan,10.908,nan,25.05,12.0
60079,36.3,-460,64.96,nan,nan,nan,10.754,0.707,25.05,12.0
60080,36.3,-460,64.96,nan,nan,nan,10.754,0.707,25.05,12.0
60081,36.3,-460,64.96,nan,nan,nan,10.754,0.707,25.05,12.0
60082,36.3,-460,64.96,nan,nan,nan,10.754,0.707,25.05,12.0
60083,36.3,-459,64.96,nan,nan,nan,10.601,0.577,25.05,12.0
60084,36.8,-459,64.96,nan,nan,nan,10.46,0.577,25.05,12.0
60085,36.8,-458,64.96,nan,nan,nan,10.319,0.548,25.05,12.0
60086,37.05,-458,64.96,nan,nan,nan,10.188,0.548,25.05,12.0
60087,37.05,-458,64.96,nan,nan,nan,10.188,0.548,25.05,12.0
60088,37.05,-458,64.96,nan,nan,nan,10.188,0.577,25.05,12.0
60089,37.05,-458,64.96,nan,nan,nan,10.188,0.577,25.05,12.0
60090,37.05,-458,64.96,nan,nan,nan,10.188,0.577,25.05,12.0
60091,37.05,-458,64.96,nan,nan,nan,10.188,0.577,25.05,12.0
60092,37.05,-457,64.96,nan,nan,nan,10.188,0.577,25.05,12.0
60093,37.15,-457,64.96,nan,nan,nan,10.188,0.577,25.05,12.0
60094,37.15,-457,64.96,nan,nan,nan,10.188,0.577,25.05,12.0
60095,37.15,-456,64.96,nan,nan,nan,10.059,0.577,25.05,12.0
60096,37.2,-456,64.96,nan,nan,nan,9.937,0.577,25.05,12.0
60097,37.2,-456,64.96,nan,nan,nan,9.937,0.577,25.05,12.0
60098,37.2,-456,64.96,nan,nan,nan,9.937,0.577,25.05,12.0
60099,37.2,-455,64.96,nan,nan,nan,10.063,0.577,25.05,12.0
60100,37.2,-455,64.96,nan,nan,nan,0.636,0.577,25.05,12.0
60101,37.2,-454,64.96,nan,nan,nan,0.624,0.577,25.05,12.0
60102,37.2,-454,64.96,nan,nan,nan,0.626,0.707,25.05,10.45
60103,37.2,-453,64.96,nan,nan,nan,0.629,0.707,25.05,8.85
60104,37.2,-453,64.96,nan,nan,nan,0.629,nan,25.05,8.85
60105,37.2,-453,64.96,nan,nan,nan,0.633,nan,25.05,8.85
60106,37.2,-453,64.96,nan,nan,nan,0.561,nan,25.05,7.9
60107,37.2,-453,64.96,nan,nan,nan,0.564,nan,25.05,6.1
60108,37.2,-453,64.96,nan,nan,nan,0.564,nan,25.05,6.1
60109,37.2,-452,64.96,nan,nan,nan,0.563,nan,25.05,6.1
60110,37.25,-452,64.96,nan,nan,nan,0.561,0.707,25.05,6.1
60111,37.25,-452,64.96,nan,nan,nan,0.561,0.707,25.05,6.1
60112,37.25,-451,64.96,nan,nan,nan,0.561,0.707,25.05,6.1
60113,37.25,-450,64.96,nan,nan,nan,0.563,0.577,25.05,6.1
60114,38.3,-450,64.96,nan,nan,nan,0.561,0.577,25.05,6.1
60115,38.3,-449,64.96,nan,nan,nan,0.561,0.577,25.05,6.1
60116,38.3,-449,64.96,nan,nan,nan,0.561,0.577,25.05,6.1
60117,38.3,-448,64.96,nan,nan,nan,0.56,0.548,25.05,6.1
60118,39.75,-451,64.96,nan,nan,nan,0.645,1.045,25.05,6.1
60119,37.5,-451,64.96,nan,nan,nan,0.639,1.045,25.05,6.1
60120,37.5,-450,64.96,nan,nan,nan,0.638,1.006,25.05,6.1
60121,37.65,-449,64.96,nan,nan,nan,0.633,0.923,25.05,6.1
60122,37.65,-448,64.96,nan,nan,nan,0.633,0.935,25.05,6.1
60123,37.65,-447,64.96,nan,nan,nan,0.632,1.006,25.05,6.1
60124,39.9,-446,64.96,nan,nan,nan,0.63,0.959,25.05,6.1
60125,42.1,-448,64.96,nan,nan,nan,0.692,1.107,25.65,6.7
60126,38.75,-448,64.96,nan,nan,nan,0.692,1.048,25.65,6.7
60127,38.75,-448,64.96,nan,nan,nan,0.692,0.91,25.65,6.7
60128,38.75,-448,64.96,nan,nan,nan,0.694,0.992,25.65,6.7
60129,38.75,-447,64.96,nan,nan,nan,0.698,0.992,25.65,6.7
60130,39.4,-468,64.96,nan,nan,nan,0.888,1.743,25.65,6.7
60131,37.3,-468,64.96,nan,nan,nan,0.882,1.595,25.65,6.7
60132,37.3,-467,64.96,nan,nan,nan,0.892,1.639,25.65,6.7
60133,37.3,-467,64.96,nan,nan,nan,0.895,1.654,25.65,6.7
60134,37.3,-467,64.96,nan,nan,nan,0.883,1.843,25.65,6.7
60135,37.3,-467,64.96,nan,nan,nan,0.893,2.211,25.65,6.7
60136,37.3,-466,64.96,nan,nan,nan,0.898,2.211,25.65,6.7
60137,37.3,-466,64.96,nan,nan,nan,0.91,2.211,25.65,6.7
60138,37.3,-466,64.96,nan,nan,nan,0.915,2.284,25.65,6.7
60139,37.3,-466,64.96,nan,nan,nan,0.927,nan,25.65,6.7
60140,37.3,-466,64.96,nan,nan,nan,0.927,nan,25.65,6.7
60141,37.3,-465,64.96,nan,nan,nan,0.927,nan,25.65,6.7
60142,37.3,-465,64.96,nan,nan,nan,0.927,nan,25.65,6.7
60143,37.3,-464,64.96,nan,nan,nan,0.921,nan,25.65,6.7
60144,37.35,-463,64.96,nan,nan,nan,0.91,0.707,25.65,6.7
60145,37.35,-463,64.96,nan,nan,nan,0.91,0.707,25.65,6.7
60146,37.35,-463,64.96,nan,nan,nan,0.91,0.707,25.65,6.7
60147,37.35,-463,64.96,nan,nan,nan,0.91,0.707,25.65,6.7
60148,37.35,-463,64.96,nan,nan,nan,0.915,0.707,25.65,6.7
60149,37.35,-463,64.96,nan,nan,nan,0.927,0.707,25.65,6.7
60150,37.35,-463,64.96,nan,nan,nan,0.927,0.707,25.65,6.7
60151,37.35,-462,64.96,nan,nan,nan,0.927,0.707,25.65,6.7
60152,37.35,-462,64.96,nan,nan,nan,0.927,nan,25.65,6.7
60153,37.35,-462,64.96,nan,nan,nan,0.933,nan,25.65,6.7
60154,37.35,-462,64.96,nan,nan,nan,0.946,nan,25.65,6.7
60155,37.35,-462,64.96,nan,nan,nan,0.946,nan,25.65,6.7
60156,37.35,-462,64.96,nan,nan,nan,0.953,nan,25.65,6.7
60157,37.35,-462,64.96,nan,nan,nan,0.968,nan,25.65,5.8
60158,37.35,-462,64.96,nan,nan,nan,0.968,nan,25.65,5.8
60159,37.35,-462,64.96,nan,nan,nan,0.974,nan,25.65,5.8
60160,37.35,-462,64.96,nan,nan,nan,0.991,nan,25.65,5.8
60161,37.35,-462,64.96,nan,nan,nan,0.991,nan,25.65,5.8
60162,37.35,-462,64.96,nan,nan,nan,0.991,nan,25.65,5.8
60163,37.35,-461,64.96,nan,nan,nan,0.991,nan,25.65,5.8
60164,37.35,-461,64.96,nan,nan,nan,0.991,nan,25.65,5.8
60165,37.35,-461,64.96,nan,nan,nan,0.991,nan,25.65,5.8
60166,37.35,-461,64.96,nan,nan,nan,0.991,nan,25.65,5.8
60167,37.35,-461,64.96,nan,nan,nan,0.991,nan,25.65,5.8
60168,37.35,-460,64.96,nan,nan,nan,0.991,nan,25.65,5.8
60169,37.35,-460,64.96,nan,nan,nan,0.991,nan,25.65,5.8
60170,37.35,-460,64.96,nan,nan,nan,0.991,nan,25.65,5.8
60171,37.35,-460,64.96,nan,nan,nan,0.991,nan,25.65,5.8
60172,37.35,-460,64.96,nan,nan,nan,0.991,nan,25.65,5.8
60173,37.35,-459,64.96,nan,nan,nan,0.991,nan,25.65,5.8
60174,37.35,-459,64.96,nan,nan,nan,0.991,nan,25.65,5.8
60175,37.35,-459,64.96,nan,nan,nan,0.991,nan,25.65,5.8
60176,37.35,-459,64.96,nan,nan,nan,0.991,nan,25.65,5.8
60177,37.35,-458,64.96,nan,nan,nan,0.999,nan,25.65,5.8
60178,37.35,-458,64.96,nan,nan,nan,1.018,nan,25.65,5.8
60179,37.35,-458,64.96,nan,nan,nan,1.018,nan,25.65,5.8
60180,37.35,-458,64.96,nan,nan,nan,1.018,nan,25.65,5.8
60181,37.35,-458,64.96,nan,nan,nan,1.018,nan,25.65,5.8
60182,37.35,-459,64.96,nan,nan,nan,1.018,nan,25.65,5.8
60183,37.3,-459,64.96,nan,nan,nan,1.018,0.707,25.65,5.3
60184,37.3,-458,64.96,nan,nan,nan,1.026,0.707,25.65,5.3
60185,37.3,-457,64.96,nan,nan,nan,1.037,0.577,25.65,5.05
60186,37.35,-457,64.96,nan,nan,nan,1.018,0.577,25.65,5.05
60187,37.35,-456,64.96,nan,nan,nan,1.018,0.577,25.65,5.05
60188,37.35,-456,64.96,nan,nan,nan,1.018,0.577,25.65,5.05
60189,37.35,-456,64.96,nan,nan,nan,1.018,0.577,25.65,5.05
60190,37.35,-456,64.96,nan,nan,nan,1.018,0.577,25.65,5.05
60191,37.35,-456,64.96,nan,nan,nan,1.026,0.577,25.65,5.05
60192,37.35,-456,64.96,nan,nan,nan,1.047,0.707,25.65,4.95
60193,37.35,-456,64.96,nan,nan,nan,1.047,0.707,25.65,4.95
60194,37.35,-456,64.96,nan,nan,nan,1.056,nan,25.65,4.95
60195,37.35,-456,64.96,nan,nan,nan,1.08,nan,25.65,4.9
60196,37.35,-456,64.96,nan,nan,nan,1.08,nan,25.65,4.9
60197,37.35,-455,64.96,nan,nan,nan,1.08,nan,25.65,4.9
60198,37.35,-455,64.96,nan,nan,nan,1.08,nan,25.65,4.9
60199,37.35,-454,64.96,nan,nan,nan,1.08,nan,25.65,4.9
60200,37.35,-454,64.96,nan,nan,nan,1.08,nan,25.65,4.9
60201,37.35,-453,64.96,nan,nan,nan,1.08,nan,25.65,4.9
60202,37.35,-452,64.96,nan,nan,nan,1.08,nan,25.65,4.9
60203,37.35,-452,64.96,nan,nan,nan,1.08,nan,25.65,4.9
60204,37.35,-452,64.96,nan,nan,nan,1.08,nan,25.65,4.9
60205,37.35,-452,64.96,nan,nan,nan,1.08,nan,25.65,4.9
60206,37.35,-452,64.96,nan,nan,nan,1.08,nan,25.65,4.9
60207,37.35,-451,64.96,nan,nan,nan,1.08,nan,25.65,4.9
60208,37.35,-450,64.96,nan,nan,nan,1.09,nan,25.65,4.9
60209,37.35,-450,64.96,nan,nan,nan,1.118,nan,25.65,4.85
60210,37.35,-450,64.96,nan,nan,nan,1.118,nan,25.65,4.85
60211,37.35,-450,64.96,nan,nan,nan,1.118,nan,25.65,4.85
60212,37.35,-450,64.96,nan,nan,nan,1.13,nan,25.65,4.85
60213,37.35,-450,64.96,nan,nan,nan,1.162,nan,25.65,4.8
60214,37.35,-450,64.96,nan,nan,nan,1.162,nan,25.65,4.8
60215,37.35,-450,64.96,nan,nan,nan,1.162,nan,25.65,4.8
60216,37.35,-449,64.96,nan,nan,nan,1.175,nan,25.65,4.8
60217,37.35,-449,64.96,nan,nan,nan,1.137,nan,25.65,4.8
60218,37.35,-448,64.96,nan,nan,nan,1.157,nan,25.65,4.8
60219,38.65,-448,64.96,nan,nan,nan,1.137,0.707,25.65,4.8
60220,38.65,-447,64.96,nan,nan,nan,1.157,0.577,25.65,4.8
60221,39.3,-447,64.96,nan,nan,nan,1.121,0.577,25.65,4.8
60222,39.3,-446,64.96,nan,nan,nan,1.121,0.548,25.65,4.8
60223,39.65,-445,64.96,nan,nan,nan,1.341,1.201,25.65,4.8
60224,40.8,-445,64.96,nan,nan,nan,1.258,1.166,25.65,4.8
60225,40.8,-445,64.96,nan,nan,nan,1.294,1.166,25.65,3.5
60226,40.8,-444,64.96,nan,nan,nan,1.294,1.166,25.65,3.5
60227,40.8,-444,64.96,nan,nan,nan,1.294,1.276,25.65,3.5
60228,40.8,-444,64.96,nan,nan,nan,1.331,1.342,25.65,3.5
60229,40.8,-444,64.96,nan,nan,nan,0.905,1.55,25.65,3.5
60230,40.8,-444,64.96,nan,nan,nan,0.92,1.684,25.65,3.5
60231,40.8,-444,64.96,nan,nan,nan,0.92,2.323,25.65,3.5
60232,40.8,-443,64.96,nan,nan,nan,0.887,0.707,25.65,3.5
60233,42.0,-443,64.96,nan,nan,nan,0.876,0.707,25.65,4.7
60234,42.0,-442,64.96,nan,nan,nan,0.85,0.577,25.65,4.7
60235,43.35,-442,64.96,nan,nan,nan,0.841,0.577,26.9,6.05
60236,43.35,-442,64.96,nan,nan,nan,0.841,0.577,26.9,6.05
60237,43.35,-442,64.96,nan,nan,nan,0.841,0.577,26.9,6.05
60238,43.35,-441,64.96,nan,nan,nan,0.841,0.577,26.9,6.05
60239,43.35,-440,64.96,nan,nan,nan,0.841,0.577,26.9,6.05
60240,43.35,-440,64.96,nan,nan,nan,0.841,0.577,26.9,6.05
60241,43.35,-440,64.96,nan,nan,nan,0.841,0.577,26.9,6.05
60242,43.35,-439,64.96,nan,nan,nan,0.841,0.577,26.9,6.05
60243,44.05,-439,64.96,nan,nan,nan,0.841,0.577,27.6,6.75
60244,44.05,-439,64.96,nan,nan,nan,0.841,0.707,27.6,6.75
60245,44.05,-438,64.96,nan,nan,nan,0.841,0.707,27.6,6.75
60246,44.05,-438,64.96,nan,nan,nan,0.841,0.707,27.6,6.75
60247,44.05,-443,64.96,nan,nan,nan,0.819,0.577,27.6,6.75
60248,40.55,-443,64.96,nan,nan,nan,0.811,0.577,27.6,6.75
60249,40.55,-443,64.96,nan,nan,nan,0.811,0.577,27.6,6.75
60250,40.55,-442,64.96,nan,nan,nan,0.811,0.577,27.6,6.75
60251,40.55,-442,64.96,nan,nan,nan,0.811,0.577,27.6,6.75
60252,40.55,-441,64.96,nan,nan,nan,0.794,0.577,27.6,6.75
60253,41.15,-440,64.96,nan,nan,nan,0.787,0.577,27.6,6.75
60254,41.15,-440,64.96,nan,nan,nan,0.787,0.577,27.6,6.75
60255,41.15,-439,64.96,nan,nan,nan,0.772,0.548,27.6,6.75
60256,42.6,-439,64.96,nan,nan,nan,0.766,0.548,27.6,6.75
60257,42.6,-438,64.96,nan,nan,nan,0.766,0.577,27.6,6.75
60258,42.6,-438,64.96,nan,nan,nan,0.766,0.577,27.6,6.75
60259,42.6,-438,64.96,nan,nan,nan,0.766,0.577,27.6,6.75
60260,42.6,-437,64.96,nan,nan,nan,0.766,0.577,27.6,6.75
60261,42.6,-437,64.96,nan,nan,nan,0.766,0.577,27.6,6.75
60262,42.6,-436,64.96,nan,nan,nan,0.766,0.707,27.6,6.75
60263,42.6,-436,64.96,nan,nan,nan,0.766,0.707,27.6,6.75
60264,42.6,-436,64.96,nan,nan,nan,0.766,nan,27.6,6.75
60265,42.6,-436,64.96,nan,nan,nan,0.766,nan,27.6,6.75
60266,42.6,-436,64.96,nan,nan,nan,0.766,nan,27.6,6.75
60267,42.6,-436,64.96,nan,nan,nan,0.766,nan,27.6,6.75
60268,42.6,-436,64.96,nan,nan,nan,0.766,nan,27.6,6.75
60269,42.6,-436,64.96,nan,nan,nan,0.766,nan,27.6,6.75
60270,42.6,-436,64.96,nan,nan,nan,0.766,nan,27.6,6.75
60271,42.6,-436,64.96,nan,nan,nan,0.766,nan,27.6,6.75
60272,42.6,-436,64.96,nan,nan,nan,0.766,nan,27.6,6.75
60273,42.6,-436,64.96,nan,nan,nan,0.766,nan,27.6,6.75
60274,42.6,-436,64.96,nan,nan,nan,0.766,nan,27.6,6.75
60275,42.6,-435,64.96,nan,nan,nan,0.766,nan,27.6,6.75
60276,42.6,-435,64.96,nan,nan,nan,0.766,nan,27.6,6.75
60277,42.6,-435,64.96,nan,nan,nan,0.766,nan,27.6,6.75
60278,42.6,-435,64.96,nan,nan,nan,0.766,nan,27.6,6.75
60279,42.6,-435,64.96,nan,nan,nan,0.766,nan,27.6,6.75
60280,42.6,-435,64.96,nan,nan,nan,0.766,nan,27.6,6.75
60281,42.6,-435,64.96,nan,nan,nan,0.78,nan,27.6,6.75
60282,42.6,-435,64.96,nan,nan,nan,0.787,nan,27.6,6.75
60283,42.6,-435,64.96,nan,nan,nan,0.787,nan,27.6,6.75
60284,42.6,-435,64.96,nan,nan,nan,0.803,nan,27.6,6.75
60285,42.6,-434,64.96,nan,nan,nan,0.811,nan,27.6,6.7
60286,42.6,-434,64.96,nan,nan,nan,0.811,nan,27.6,6.7
60287,42.6,-434,64.96,nan,nan,nan,0.811,nan,27.6,6.7
60288,42.6,-434,64.96,nan,nan,nan,0.811,nan,27.6,6.7
60289,42.6,-434,64.96,nan,nan,nan,0.811,nan,27.6,6.7
60290,42.6,-434,64.96,nan,nan,nan,0.811,nan,27.6,6.7
60291,42.6,-433,64.96,nan,nan,nan,0.794,nan,27.6,6.7
60292,43.65,-434,64.96,nan,nan,nan,0.855,1.414,27.6,6.7
60293,42.6,-437,64.96,nan,nan,nan,0.935,1.79,27.6,6.7
60294,39.9,-437,64.96,nan,nan,nan,0.925,1.523,27.6,6.7
60295,39.9,-436,64.96,nan,nan,nan,0.925,1.523,27.6,6.7
60296,39.9,-435,64.96,nan,nan,nan,0.907,1.329,27.6,6.7
60297,42.0,-437,64.96,nan,nan,nan,0.959,1.41,27.6,6.7
60298,39.6,-437,64.96,nan,nan,nan,0.946,1.296,27.6,6.7
60299,39.6,-436,64.96,nan,nan,nan,0.946,1.296,27.6,6.7
60300,39.6,-436,64.96,nan,nan,nan,0.946,1.384,27.6,6.7
60301,39.6,-435,64.96,nan,nan,nan,0.932,1.262,27.6,6.7
60302,39.75,-435,64.96,nan,nan,nan,0.921,0.798,27.6,6.7
60303,39.75,-435,64.96,nan,nan,nan,0.921,0.889,27.6,6.7
60304,39.75,-435,64.96,nan,nan,nan,0.921,0.889,27.6,6.7
60305,39.75,-435,64.96,nan,nan,nan,0.921,0.876,27.6,6.7
60306,39.75,-435,64.96,nan,nan,nan,0.921,0.577,27.6,6.7
60307,39.75,-435,64.96,nan,nan,nan,0.921,0.707,27.6,6.7
60308,39.75,-434,64.96,nan,nan,nan,0.908,0.577,27.6,6.7
60309,42.15,-433,64.96,nan,nan,nan,0.895,0.497,27.6,6.7
60310,44.5,-433,64.96,nan,nan,nan,0.886,0.571,28.05,7.15
60311,44.5,-433,64.96,nan,nan,nan,0.886,0.571,28.05,7.15
60312,44.5,-433,64.96,nan,nan,nan,0.886,0.571,28.05,7.15
60313,44.5,-433,64.96,nan,nan,nan,0.886,0.571,28.05,7.15
60314,44.5,-433,64.96,nan,nan,nan,0.886,0.571,28.05,7.15
60315,44.5,-433,64.96,nan,nan,nan,0.886,0.571,28.05,7.15
60316,44.5,-435,64.96,nan,nan,nan,0.875,0.497,28.05,7.15
60317,40.95,-435,64.96,nan,nan,nan,0.878,0.571,28.05,7.15
60318,40.95,-434,64.96,nan,nan,nan,0.875,0.577,28.05,5.85
60319,42.15,-434,64.96,nan,nan,nan,0.878,0.577,28.05,5.85
60320,42.15,-434,64.96,nan,nan,nan,0.886,0.577,28.05,5.2
60321,42.15,-434,64.96,nan,nan,nan,0.898,0.577,28.05,5.2
60322,42.15,-434,64.96,nan,nan,nan,0.748,0.577,28.05,4.9
60323,42.15,-434,64.96,nan,nan,nan,0.757,0.577,28.05,4.9
60324,42.15,-434,64.96,nan,nan,nan,0.757,0.577,28.05,4.9
60325,42.15,-434,64.96,nan,nan,nan,0.757,0.577,28.05,4.9
60326,42.15,-434,64.96,nan,nan,nan,0.757,0.707,28.05,4.9
60327,42.15,-433,64.96,nan,nan,nan,0.749,0.707,28.05,4.9
60328,44.5,-432,64.96,nan,nan,nan,0.742,0.707,28.05,4.9
60329,44.5,-432,64.96,nan,nan,nan,0.742,0.707,28.05,4.9
60330,44.5,-432,64.96,nan,nan,nan,0.742,0.707,28.05,4.9
60331,44.5,-431,64.96,nan,nan,nan,0.742,0.577,28.05,4.9
60332,47.7,-440,64.96,nan,nan,nan,0.78,0.917,31.25,8.1
60333,44.8,-440,64.96,nan,nan,nan,0.777,0.803,31.25,8.1
60334,44.8,-440,64.96,nan,nan,nan,0.786,0.803,31.25,8.1
60335,44.8,-440,64.96,nan,nan,nan,0.786,0.803,31.25,8.1
60336,44.8,-440,64.96,nan,nan,nan,0.786,0.779,31.25,8.1
60337,44.8,-447,64.96,nan,nan,nan,0.78,0.917,31.25,8.1
60338,41.1,-447,64.96,nan,nan,nan,0.771,0.803,31.25,8.1
60339,41.1,-447,64.96,nan,nan,nan,0.771,0.803,31.25,8.1
60340,41.1,-447,64.96,nan,nan,nan,0.771,0.779,31.25,8.1
60341,41.1,-447,64.96,nan,nan,nan,0.777,0.577,31.25,8.1
60342,41.1,-447,64.96,nan,nan,nan,0.786,0.707,31.25,8.1
60343,41.1,-446,64.96,nan,nan,nan,0.786,0.707,31.25,8.1
60344,41.1,-446,64.96,nan,nan,nan,0.786,0.707,31.25,8.1
60345,41.1,-446,64.96,nan,nan,nan,0.786,0.707,31.25,8.1
60346,41.1,-445,64.96,nan,nan,nan,0.793,nan,31.25,8.1
60347,41.1,-444,64.96,nan,nan,nan,0.804,nan,31.25,8.1
60348,41.1,-443,64.96,nan,nan,nan,0.804,nan,31.25,8.1
60349,41.1,-442,64.96,nan,nan,nan,0.804,nan,31.25,8.1
60350,41.1,-442,64.96,nan,nan,nan,0.804,nan,31.25,8.1
60351,41.1,-442,64.96,nan,nan,nan,0.811,nan,31.25,8.1
60352,41.1,-442,64.96,nan,nan,nan,0.824,nan,31.25,8.1
60353,41.1,-442,64.96,nan,nan,nan,0.824,nan,31.25,8.1
60354,41.1,-441,64.96,nan,nan,nan,0.824,nan,31.25,8.1
60355,42.45,-441,64.96,nan,nan,nan,0.824,0.707,31.25,8.1
60356,42.45,-441,64.96,nan,nan,nan,0.824,0.707,31.25,8.1
60357,42.45,-441,64.96,nan,nan,nan,0.824,0.707,31.25,8.1
60358,42.45,-440,64.96,nan,nan,nan,0.815,0.577,31.25,8.1
60359,44.95,-440,64.96,nan,nan,nan,0.804,0.577,31.25,8.1
60360,44.95,-439,64.96,nan,nan,nan,0.804,0.577,31.25,8.1
60361,44.95,-439,64.96,nan,nan,nan,0.804,0.577,31.25,8.1
60362,44.95,-438,64.96,nan,nan,nan,0.796,0.548,31.25,8.1
60363,45.15,-438,64.96,nan,nan,nan,0.786,0.548,31.25,8.1
60364,45.15,-438,64.96,nan,nan,nan,0.786,0.577,31.25,8.1
60365,45.15,-438,64.96,nan,nan,nan,0.786,0.577,31.25,8.1
60366,45.15,-438,64.96,nan,nan,nan,0.786,0.577,31.25,8.1
60367,45.15,-438,64.96,nan,nan,nan,0.786,0.577,31.25,8.1
60368,45.15,-438,64.96,nan,nan,nan,0.786,0.707,31.25,8.1
60369,45.15,-438,64.96,nan,nan,nan,0.786,0.707,31.25,8.1
60370,45.15,-438,64.96,nan,nan,nan,0.786,0.707,31.25,8.1
60371,45.15,-438,64.96,nan,nan,nan,0.786,nan,31.25,8.1
60372,45.15,-438,64.96,nan,nan,nan,0.786,nan,31.25,8.1
60373,45.15,-438,64.96,nan,nan,nan,0.786,nan,31.25,8.1
60374,45.15,-438,64.96,nan,nan,nan,0.786,nan,31.25,8.1
60375,45.15,-438,64.96,nan,nan,nan,0.786,nan,31.25,8.1
60376,45.15,-438,64.96,nan,nan,nan,0.786,nan,31.25,8.1
60377,45.15,-438,64.96,nan,nan,nan,0.786,nan,31.25,8.1
60378,45.15,-438,64.96,nan,nan,nan,0.786,nan,31.25,8.1
60379,45.15,-438,64.96,nan,nan,nan,0.786,nan,31.25,8.1
60380,45.15,-438,64.96,nan,nan,nan,0.786,nan,31.25,8.1
60381,45.15,-437,64.96,nan,nan,nan,0.786,nan,31.25,8.1
60382,45.15,-436,64.96,nan,nan,nan,0.786,nan,31.25,8.1
60383,45.15,-436,64.96,nan,nan,nan,0.786,nan,31.25,8.1
60384,45.15,-435,64.96,nan,nan,nan,0.786,nan,31.25,8.1
60385,45.15,-435,64.96,nan,nan,nan,0.786,nan,31.25,8.1
60386,45.15,-435,64.96,nan,nan,nan,0.786,nan,31.25,8.1
60387,45.15,-434,64.96,nan,nan,nan,0.78,nan,31.25,8.1
60388,45.2,-434,64.96,nan,nan,nan,0.771,0.707,31.25,8.1
60389,45.2,-434,64.96,nan,nan,nan,0.771,0.707,31.25,8.1
60390,45.2,-435,64.96,nan,nan,nan,0.771,0.577,31.25,8.1
60391,45.15,-434,64.96,nan,nan,nan,0.728,0.577,31.25,8.1
60392,45.15,-434,64.96,nan,nan,nan,0.625,0.577,31.25,8.1
60393,45.15,-433,64.96,nan,nan,nan,0.632,0.577,31.25,8.1
60394,45.15,-433,64.96,nan,nan,nan,0.632,0.577,31.25,8.1
60395,45.15,-433,64.96,nan,nan,nan,0.633,0.577,31.25,8.1
60396,45.15,-433,64.96,nan,nan,nan,0.568,0.577,31.25,8.1
60397,45.15,-433,64.96,nan,nan,nan,0.572,0.707,31.25,8.1
60398,45.15,-432,64.96,nan,nan,nan,0.572,0.707,31.25,8.1
60399,45.15,-432,64.96,nan,nan,nan,0.572,nan,31.25,8.1
60400,45.15,-432,64.96,nan,nan,nan,0.573,nan,31.25,8.1
60401,45.15,-432,64.96,nan,nan,nan,0.578,nan,31.25,7.95
60402,45.15,-432,64.96,nan,nan,nan,0.578,nan,31.25,7.95
60403,45.15,-431,64.96,nan,nan,nan,0.578,nan,31.25,7.95
60404,45.15,-431,64.96,nan,nan,nan,0.578,nan,31.25,7.95
60405,45.15,-431,64.96,nan,nan,nan,0.578,nan,31.25,7.95
60406,45.15,-430,64.96,nan,nan,nan,0.576,nan,31.25,7.95
60407,48.05,-429,64.96,nan,nan,nan,0.574,0.037,31.6,8.3
60408,50.8,-429,64.96,nan,nan,nan,0.572,0.563,34.35,9.85
60409,50.8,-429,64.96,nan,nan,nan,0.576,0.563,34.35,9.85
60410,50.8,-429,64.96,nan,nan,nan,0.576,0.563,34.35,9.85
60411,50.8,-429,64.96,nan,nan,nan,0.576,0.563,34.35,9.85
60412,50.8,-429,64.96,nan,nan,nan,0.576,0.563,34.35,9.85
60413,50.8,-428,64.96,nan,nan,nan,0.574,0.492,34.35,9.85
60414,52.15,-428,64.96,nan,nan,nan,0.571,0.539,35.7,11.2
60415,52.15,-427,64.96,nan,nan,nan,0.571,0.539,35.7,11.2
60416,52.95,-427,64.96,nan,nan,nan,0.571,0.548,36.5,12.0
60417,52.95,-427,64.96,nan,nan,nan,0.572,0.577,36.5,12.0
60418,52.95,-427,64.96,nan,nan,nan,0.576,0.577,36.5,11.85
60419,52.95,-427,64.96,nan,nan,nan,0.576,0.577,36.5,11.85
60420,52.95,-427,64.96,nan,nan,nan,0.576,0.577,36.5,11.85
60421,52.95,-427,64.96,nan,nan,nan,0.576,0.577,36.5,11.85
60422,52.95,-426,64.96,nan,nan,nan,0.576,0.577,36.5,11.85
60423,52.95,-426,64.96,nan,nan,nan,0.576,0.707,36.5,11.85
60424,52.95,-426,64.96,nan,nan,nan,0.576,nan,36.5,11.85
60425,52.95,-426,64.96,nan,nan,nan,0.576,nan,36.5,11.85
60426,52.95,-426,64.96,nan,nan,nan,0.577,nan,36.5,11.85
60427,52.95,-426,64.96,nan,nan,nan,0.583,nan,36.5,11.85
60428,52.95,-425,64.96,nan,nan,nan,0.583,nan,36.5,11.85
60429,52.95,-425,64.96,nan,nan,nan,0.583,nan,36.5,11.85
60430,52.95,-425,64.96,nan,nan,nan,0.584,nan,36.5,11.85
60431,52.95,-425,64.96,nan,nan,nan,0.51,nan,36.5,11.85
60432,52.95,-425,64.96,nan,nan,nan,0.51,nan,36.5,11.85
60433,52.95,-425,64.96,nan,nan,nan,0.51,nan,36.5,11.85
60434,52.95,-424,64.96,nan,nan,nan,0.508,nan,36.5,11.85
60435,53.4,-423,64.96,nan,nan,nan,0.509,0.707,36.95,12.3
60436,53.4,-423,64.96,nan,nan,nan,0.51,0.707,36.95,12.3
60437,53.4,-422,64.96,nan,nan,nan,0.51,0.707,36.95,12.3
60438,53.4,-421,64.96,nan,nan,nan,0.51,0.707,36.95,12.3
60439,53.4,-421,64.96,nan,nan,nan,0.51,0.707,36.95,12.3
60440,53.4,-420,64.96,nan,nan,nan,0.51,0.707,36.95,12.3
60441,53.4,-420,64.96,nan,nan,nan,0.51,0.707,36.95,12.3
60442,53.4,-435,64.96,nan,nan,nan,0.508,0.577,36.95,12.3
60443,50.6,-434,64.96,nan,nan,nan,0.51,0.583,36.95,12.3
60444,50.65,-433,64.96,nan,nan,nan,0.51,0.583,36.95,12.3
60445,50.65,-433,64.96,nan,nan,nan,0.51,0.583,36.95,12.3
60446,50.65,-432,64.96,nan,nan,nan,0.51,0.583,36.95,12.3
60447,50.65,-431,64.96,nan,nan,nan,0.51,0.583,36.95,12.3
60448,50.65,-431,64.96,nan,nan,nan,0.51,0.583,36.95,12.3
60449,50.65,-431,64.96,nan,nan,nan,0.51,0.583,36.95,12.3
60450,50.65,-431,64.96,nan,nan,nan,0.51,0.583,36.95,12.3
60451,50.65,-430,64.96,nan,nan,nan,0.51,0.013,36.95,12.3
60452,50.65,-429,64.96,nan,nan,nan,0.51,nan,36.95,12.3
60453,50.65,-428,64.96,nan,nan,nan,0.51,nan,36.95,12.3
60454,50.65,-427,64.96,nan,nan,nan,0.511,nan,36.95,10.95
60455,50.65,-426,64.96,nan,nan,nan,0.511,nan,36.95,10.95
60456,50.65,-425,64.96,nan,nan,nan,0.511,nan,36.95,10.95
60457,50.65,-425,64.96,nan,nan,nan,0.511,nan,36.95,10.95
60458,50.65,-425,64.96,nan,nan,nan,0.513,nan,36.95,8.45
60459,50.65,-424,64.96,nan,nan,nan,0.513,nan,36.95,8.45
60460,50.65,-423,64.96,nan,nan,nan,0.513,nan,36.95,8.45
60461,50.65,-436,64.96,nan,nan,nan,0.513,nan,36.95,8.45
60462,46.55,-435,64.96,nan,nan,nan,0.513,0.707,36.95,8.25
60463,46.55,-434,64.96,nan,nan,nan,0.513,0.707,36.95,8.25
60464,46.55,-433,64.96,nan,nan,nan,0.511,0.577,36.95,8.25
60465,47.3,-433,64.96,nan,nan,nan,0.511,0.577,36.95,8.25
60466,47.3,-433,64.96,nan,nan,nan,0.511,0.577,36.95,8.25
60467,47.3,-433,64.96,nan,nan,nan,0.511,0.577,36.95,8.25
60468,47.3,-432,64.96,nan,nan,nan,0.51,0.548,36.95,8.25
60469,47.7,-432,64.96,nan,nan,nan,0.51,0.548,36.95,8.25
60470,47.7,-431,64.96,nan,nan,nan,0.51,0.548,36.95,8.25
60471,47.7,-431,64.96,nan,nan,nan,0.51,0.577,36.95,8.25
60472,47.7,-431,64.96,nan,nan,nan,0.51,0.577,36.95,8.25
60473,47.7,-431,64.96,nan,nan,nan,0.51,0.577,36.95,8.25
60474,47.7,-431,64.96,nan,nan,nan,0.51,0.707,36.95,8.25
60475,47.7,-431,64.96,nan,nan,nan,0.51,0.707,36.95,8.25
60476,47.7,-431,64.96,nan,nan,nan,0.51,0.707,36.95,8.25
60477,47.7,-432,64.96,nan,nan,nan,0.51,0.707,36.95,8.25
60478,47.3,-432,64.96,nan,nan,nan,0.509,0.707,36.95,8.25
60479,47.3,-432,64.96,nan,nan,nan,0.509,0.707,36.95,8.25
60480,47.3,-431,64.96,nan,nan,nan,0.509,0.707,36.95,8.25
60481,47.3,-431,64.96,nan,nan,nan,0.509,0.707,36.95,8.25
60482,47.3,-430,64.96,nan,nan,nan,0.509,0.707,36.95,8.25
60483,47.3,-430,64.96,nan,nan,nan,0.509,0.707,36.95,8.25
60484,47.3,-434,64.96,nan,nan,nan,0.509,0.577,36.95,8.25
60485,44.75,-433,64.96,nan,nan,nan,0.509,0.577,36.95,8.65
60486,44.75,-432,64.96,nan,nan,nan,0.509,0.577,36.95,8.65
60487,46.35,-431,64.96,nan,nan,nan,0.509,0.577,36.95,8.65
60488,46.35,-435,64.96,nan,nan,nan,0.508,0.548,36.95,8.65
60489,41.8,-434,64.96,nan,nan,nan,0.533,0.657,36.95,11.6
60490,43.95,-433,64.96,nan,nan,nan,0.533,0.621,36.95,11.6
60491,43.95,-433,64.96,nan,nan,nan,0.533,0.621,36.95,11.6
60492,43.95,-433,64.96,nan,nan,nan,0.533,0.621,36.95,11.6
60493,43.95,-433,64.96,nan,nan,nan,0.533,0.606,36.95,11.6
60494,43.95,-433,64.96,nan,nan,nan,0.533,0.663,36.95,11.6
60495,43.95,-432,64.96,nan,nan,nan,0.533,0.62,36.95,11.6
60496,43.95,-432,64.96,nan,nan,nan,0.533,0.752,36.95,11.6
60497,43.95,-436,64.96,nan,nan,nan,0.532,0.752,36.95,11.6
60498,40.7,-435,64.96,nan,nan,nan,0.53,0.577,36.95,12.7
60499,40.7,-434,64.96,nan,nan,nan,0.53,0.707,36.95,12.7
60500,40.7,-433,64.96,nan,nan,nan,0.53,0.577,36.95,12.7
60501,41.8,-433,64.96,nan,nan,nan,0.529,0.577,36.95,12.7
60502,41.8,-433,64.96,nan,nan,nan,0.529,0.577,36.95,12.7
60503,41.8,-433,64.96,nan,nan,nan,0.529,0.577,36.95,12.7
60504,41.8,-432,64.96,nan,nan,nan,0.528,0.548,36.95,12.7
60505,43.95,-432,64.96,nan,nan,nan,0.526,0.548,36.95,12.7
60506,43.95,-432,64.96,nan,nan,nan,0.527,0.548,36.95,12.7
60507,43.95,-432,64.96,nan,nan,nan,0.53,0.577,36.95,12.7
60508,43.95,-432,64.96,nan,nan,nan,0.53,0.577,36.95,12.7
60509,43.95,-432,64.96,nan,nan,nan,0.53,0.577,36.95,12.7
60510,43.95,-431,64.96,nan,nan,nan,0.53,0.577,36.95,12.7
60511,46.0,-431,64.96,nan,nan,nan,0.528,0.577,36.95,12.7
60512,46.0,-430,64.96,nan,nan,nan,0.528,0.548,36.95,12.7
60513,47.05,-430,64.96,nan,nan,nan,0.528,0.548,36.95,12.7
60514,47.05,-430,64.96,nan,nan,nan,0.527,0.577,36.95,12.7
60515,47.05,-430,64.96,nan,nan,nan,0.53,0.577,36.95,12.7
60516,47.05,-430,64.96,nan,nan,nan,0.53,0.577,36.95,12.7
60517,47.05,-429,64.96,nan,nan,nan,0.53,0.577,36.95,12.7
60518,47.05,-428,64.96,nan,nan,nan,0.53,0.577,36.95,12.7
60519,47.05,-428,64.96,nan,nan,nan,0.53,0.577,36.95,12.7
60520,47.05,-428,64.96,nan,nan,nan,0.53,0.707,36.95,12.7
60521,47.05,-428,64.96,nan,nan,nan,0.53,nan,36.95,12.7
60522,47.05,-427,64.96,nan,nan,nan,0.53,nan,36.95,12.7
60523,48.35,-426,64.96,nan,nan,nan,0.528,0.707,36.95,12.7
60524,48.35,-426,64.96,nan,nan,nan,0.528,0.707,36.95,12.7
60525,48.35,-426,64.96,nan,nan,nan,0.528,0.707,36.95,12.7
60526,48.35,-425,64.96,nan,nan,nan,0.528,0.577,36.95,12.7
60527,49.55,-425,64.96,nan,nan,nan,0.527,0.577,36.95,12.7
60528,49.55,-424,64.96,nan,nan,nan,0.527,0.577,36.95,12.7
60529,49.55,-424,64.96,nan,nan,nan,0.527,0.577,36.95,12.7
60530,49.55,-424,64.96,nan,nan,nan,0.527,0.577,36.95,12.7
60531,49.55,-424,64.96,nan,nan,nan,0.527,0.577,36.95,12.7
60532,49.55,-423,64.96,nan,nan,nan,0.527,0.707,36.95,12.7
60533,49.55,-423,64.96,nan,nan,nan,0.526,0.707,36.95,12.7
60534,49.55,-423,64.96,nan,nan,nan,0.528,0.707,36.95,12.7
60535,49.55,-423,64.96,nan,nan,nan,0.528,nan,36.95,12.7
60536,49.55,-423,64.96,nan,nan,nan,0.528,nan,36.95,12.7
60537,49.55,-423,64.96,nan,nan,nan,0.528,nan,36.95,12.7
60538,49.55,-422,64.96,nan,nan,nan,0.528,nan,36.95,12.7
60539,51.1,-422,64.96,nan,nan,nan,0.527,0.707,36.95,12.7
60540,51.1,-421,64.96,nan,nan,nan,0.527,0.577,36.95,12.7
