Cycle 1 Volatility,Cycle 2 Volatility,Cycle 3 Volatility,Cycle 4 Volatility,Cycle 5 Volatility,Cycle 6 Volatility,Cycle 7 Volatility,Cycle 8 Volatility,Cycle 9 Volatility,Cycle 10 Volatility,Cycle 1 Average Price,Cycle 2 Average Price,Cycle 3 Average Price,Cycle 4 Average Price,Cycle 5 Average Price,Cycle 6 Average Price,Cycle 7 Average Price,Cycle 8 Average Price,Cycle 9 Average Price,Cycle 10 Average Price,Cycle 1 Speculator Proportion,Cycle 2 Speculator Proportion,Cycle 3 Speculator Proportion,Cycle 4 Speculator Proportion,Cycle 5 Speculator Proportion,Cycle 6 Speculator Proportion,Cycle 7 Speculator Proportion,Cycle 8 Speculator Proportion,Cycle 9 Speculator Proportion,Cycle 10 Speculator Proportion
3.5951733873650116,4.739744432576832,5.702753389151922,5.11095406065052,4.599718665679641,8.127467476021476,6.981260786595802,12.714939785322313,12.623979782229773,12.739325191829103,99.59277500000019,98.73695000000029,96.34342499999981,98.64712499999983,98.62154999999959,92.92269999999975,93.73557499999974,89.31355000000028,86.80762499999985,86.18060000000017,50.0,51.0,52.0,53.0,54.0,55.0,56.0,57.0,58.0,59.0
4.008072221260543,5.312238541016238,5.4097982178408355,5.704238003940825,5.656579072440903,8.240813616660207,7.860303577823363,7.3017353257211015,13.569450276624323,29.290179108937124,100.09637499999992,98.77965000000005,96.92902500000058,97.30359999999975,97.12937499999967,93.20120000000027,91.28922499999993,92.8084500000001,89.9845749999997,69.41475000000034,50.0,51.0,52.0,53.0,54.0,55.0,56.0,57.0,58.0,59.0
3.388792278368204,4.987884507013234,6.355135312626781,5.8514701136761875,6.148021852248321,5.849721336887307,7.8181987155340185,13.969405786338468,9.284781848883995,22.319032033064214,99.25922500000007,99.60462499999981,97.19642499999968,97.3394000000001,97.00837499999976,94.56177500000017,92.0685999999999,87.81747500000002,89.55532499999958,79.02205000000015,50.0,51.0,52.0,53.0,54.0,55.0,56.0,57.0,58.0,59.0
3.776009866943892,5.067296807812745,6.910990909200253,9.031468944371484,5.501290875617202,6.55713821196148,9.690794789351628,10.259085888665252,8.469872685681636,11.176766183859458,99.30190000000005,99.54590000000003,94.68397499999983,95.40314999999993,97.59444999999968,95.33699999999996,93.07645000000005,91.26322499999982,90.78159999999947,87.82665000000006,50.0,51.0,52.0,53.0,54.0,55.0,56.0,57.0,58.0,59.0
3.5407123607242785,5.279485880564654,5.317449722860817,5.706397883759849,9.752139326872099,7.62041477447537,6.14447224805382,8.895727337319302,6.4662570794710055,13.913910681386445,100.5910249999999,97.79385000000015,96.38817499999976,97.51417500000017,93.76039999999972,94.40572499999958,94.53324999999975,90.40214999999941,92.55965000000016,86.04867500000046,50.0,51.0,52.0,53.0,54.0,55.0,56.0,57.0,58.0,59.0
3.3838387560193186,4.624338457818721,7.318621611249234,6.912387215563371,5.290407233318355,7.503177968688662,13.16217303105569,6.545834086038308,8.829239934064633,15.64531967181213,100.66807500000014,98.93057499999995,94.88865000000028,95.58357500000028,97.38489999999999,95.53389999999956,90.33000000000007,93.92469999999975,91.47852500000016,83.68382499999984,50.0,51.0,52.0,53.0,54.0,55.0,56.0,57.0,58.0,59.0
3.391789748252119,4.712639008370109,5.523779237852854,4.897387333961796,6.068149034155751,9.044700906317598,10.045197177882885,8.252690943763836,8.597629041598822,16.13837132595874,99.43064999999987,99.34159999999996,97.00200000000007,97.72994999999986,96.11687499999984,94.72384999999925,90.1967750000003,91.77737500000002,91.74672499999996,80.67639999999962,50.0,51.0,52.0,53.0,54.0,55.0,56.0,57.0,58.0,59.0
3.6495084485390605,5.926977179747246,6.352280970979411,6.262104879252613,5.216340029096031,7.415546641372448,8.289366993139371,8.223331430404722,8.271003059192855,18.116836627145684,100.45020000000001,97.46519999999963,96.10704999999992,97.65140000000001,98.53444999999968,94.36272500000025,92.9476750000001,93.194475,90.8873749999999,84.7599000000004,50.0,51.0,52.0,53.0,54.0,55.0,56.0,57.0,58.0,59.0
3.464555357027934,4.962051018999863,5.244859447085769,6.352414901243366,5.8140706657515935,5.953638390044756,6.677341138261049,5.535079902970339,11.670189575253746,14.515341430286574,99.54450000000021,99.43959999999976,95.47607499999964,96.62989999999978,96.09745000000072,93.18027500000034,93.18612500000023,93.41765000000024,88.37120000000006,87.88717500000008,50.0,51.0,52.0,53.0,54.0,55.0,56.0,57.0,58.0,59.0
3.7092682236193673,4.669247745261362,5.31149311389222,5.865785196202125,5.061886744889107,5.693214772404284,5.798422095602767,7.683105453791589,9.257291800291156,9.789701013940425,99.56182500000014,99.50042500000025,96.49382499999976,97.64049999999975,98.06917499999967,94.8340500000003,93.90397499999983,89.93262500000083,89.71650000000031,86.2758249999999,50.0,51.0,52.0,53.0,54.0,55.0,56.0,57.0,58.0,59.0
3.5754028405357423,4.766398576186064,5.910011511190668,7.733840515160108,6.157281663454788,9.141540896505427,11.427264354809175,19.04639276178348,17.81823101982455,9.750455747483901,98.63142500000035,99.28962500000021,96.4479250000003,95.65482499999958,96.95152499999992,92.72934999999983,91.41522499999978,83.73694999999937,77.1800499999995,89.47209999999964,50.0,51.0,52.0,53.0,54.0,55.0,56.0,57.0,58.0,59.0
3.1658958204073677,5.296892554400782,6.5388399738869625,9.192513552489675,5.837456199830751,10.685000243570542,9.301456804680903,12.066449212933527,11.839026785070164,12.454545601629613,100.00895,98.71195000000078,95.77510000000036,96.3768000000002,97.0767499999997,91.0729000000003,93.71059999999997,90.30070000000003,85.86840000000083,83.86609999999973,50.0,51.0,52.0,53.0,54.0,55.0,56.0,57.0,58.0,59.0
3.6140911772558755,4.510848367643601,6.756422812701037,5.771653115808295,6.534625060530701,7.732267586574472,11.110182019762599,7.129947739763658,5.612727188954031,13.198314254463703,99.68230000000004,99.77257500000005,95.19697500000007,97.21897499999959,96.5334249999998,94.91277500000011,91.81840000000001,92.31292499999942,94.21592500000007,82.63970000000025,50.0,51.0,52.0,53.0,54.0,55.0,56.0,57.0,58.0,59.0
3.520759650790482,5.982960533747,7.190846128517979,6.282477596647376,5.5586163941653455,5.012264874681104,7.697403497790922,11.705512966735256,15.228786409038674,12.774159328534124,100.17032500000015,98.02039999999991,96.16030000000003,98.00009999999963,96.91437500000023,95.86452499999945,94.30344999999978,88.8079500000001,82.38047499999988,83.9023500000004,50.0,51.0,52.0,53.0,54.0,55.0,56.0,57.0,58.0,59.0
3.4000390258147823,5.094418039084884,7.045437702555129,8.105297124766023,5.571670318007544,6.740651989533134,7.318551375587832,10.471762310157743,9.95424425226204,13.974772947331372,99.89632499999993,99.44162500000023,96.5635250000003,95.22380000000007,97.6046499999999,95.18402499999985,93.44439999999977,88.60234999999945,88.40967499999984,84.66110000000077,50.0,51.0,52.0,53.0,54.0,55.0,56.0,57.0,58.0,59.0
3.187812979955472,4.465176866216869,6.843371815772138,7.355584904828852,5.536026977431326,6.376736795852703,10.199616124341,12.721872925192162,10.97335543554283,13.449374333193058,100.04342499999994,99.03432499999977,96.19159999999985,96.92264999999966,96.44395000000009,95.85664999999943,92.3662250000008,88.59897500000025,87.95950000000005,87.08382499999932,50.0,51.0,52.0,53.0,54.0,55.0,56.0,57.0,58.0,59.0
3.4901226479056167,5.074782958022493,5.4360294706433345,6.296972071451033,13.015045278419112,5.872604688970343,9.928573898971274,11.673677907066779,15.898644849904871,14.299867779235822,100.55617500000017,97.45919999999961,97.0105499999998,96.37039999999978,91.52644999999916,95.41790000000086,92.01964999999949,89.33800000000068,83.98562499999996,84.50532499999953,50.0,51.0,52.0,53.0,54.0,55.0,56.0,57.0,58.0,59.0
3.557236719128059,4.707570159424387,7.066014695664005,7.149156271560834,5.15656459177955,10.011978792285198,11.285316606982496,7.875522286491069,11.572278978003744,15.876647684263204,99.71837500000017,99.54805000000027,96.37104999999973,96.77114999999995,97.95130000000032,93.02265000000028,91.19787499999971,90.7586249999999,89.11472499999965,85.23982499999994,50.0,51.0,52.0,53.0,54.0,55.0,56.0,57.0,58.0,59.0
3.5715282991418094,5.3724598054853585,5.792482451060851,5.331339260310608,6.409991141235325,5.681375186696087,6.655384813142326,13.03758599429566,30.23042030679259,22.829419157392223,100.34312500000003,98.73022499999986,96.26657500000032,97.34857500000003,94.7652499999995,94.19499999999958,94.64775000000017,89.71412500000045,68.97717500000005,75.04252500000013,50.0,51.0,52.0,53.0,54.0,55.0,56.0,57.0,58.0,59.0
3.650252547678163,4.478351355667329,6.360593421506508,5.954425259215518,5.634913751413409,6.749268182588409,6.114205116947423,10.958472427143677,9.513381267933843,8.411596746154084,99.26989999999984,100.36277500000018,95.86177499999978,96.52184999999996,97.007375,95.23410000000055,93.50020000000023,90.51785000000034,88.68625000000007,86.95040000000034,50.0,51.0,52.0,53.0,54.0,55.0,56.0,57.0,58.0,59.0
3.1479142168002556,5.887642598288604,5.474306437850164,5.268134962428941,6.803873552766543,7.0605868922495745,11.698934109739527,9.224575389682443,10.660677467516226,12.19409788118592,100.27212499999997,96.87804999999976,95.67019999999943,98.26262499999974,96.23427499999953,93.91457500000016,89.47827499999983,89.97447500000025,90.65567500000037,90.24752499999944,50.0,51.0,52.0,53.0,54.0,55.0,56.0,57.0,58.0,59.0
2.9271107936280933,6.341141062339352,5.386249882178847,6.454243641966883,5.7716286822978455,8.274486729380401,7.642730543633034,12.76971484286,12.709556855654272,9.357763047979525,100.638375,97.71775000000041,97.6660249999999,96.40462499999947,97.19205000000042,94.85957500000032,93.39254999999991,86.63737500000018,87.97402500000007,89.40144999999926,50.0,51.0,52.0,53.0,54.0,55.0,56.0,57.0,58.0,59.0
3.5143253777653265,5.43667427303453,5.698494376890858,5.840032681863828,5.87204909531493,7.592395295790307,8.635727878731345,12.934809988253253,11.892287680573228,10.940218993960675,99.536175,98.31375000000004,96.2300750000005,97.09012499999993,96.56094999999999,94.5026750000003,92.73405000000047,85.06085,88.55327500000007,88.42340000000041,50.0,51.0,52.0,53.0,54.0,55.0,56.0,57.0,58.0,59.0
3.4301581599834794,5.647629355417021,6.595912062631595,7.445337784596369,6.543667896124266,8.368823829914696,6.848311848328827,7.711699700204428,9.033589588574543,13.875994429975474,100.30069999999996,98.57734999999992,97.05470000000058,97.60977500000003,95.15760000000006,93.16090000000031,93.19912500000014,93.32330000000049,89.280874999999,83.23630000000044,50.0,51.0,52.0,53.0,54.0,55.0,56.0,57.0,58.0,59.0
3.357950523047148,5.491640122039134,5.137263512629959,5.8914342021683686,5.769277127750789,6.976307298941514,15.175367677966019,15.215191115944695,11.202598167070281,10.888706832660104,100.42097500000014,98.51972500000015,95.76779999999995,97.90020000000017,96.89705000000038,95.17405000000024,87.72842499999982,86.58652500000015,89.12209999999999,87.17217500000017,50.0,51.0,52.0,53.0,54.0,55.0,56.0,57.0,58.0,59.0
3.1789193138552605,5.374007983365641,6.518444873724552,5.734806839739204,6.342720711759954,8.277998385396938,16.023368791041005,8.436382814741958,20.053108888350554,16.993097078936703,100.63240000000016,97.91272499999955,95.90929999999948,98.05087499999952,95.30572500000005,94.27560000000048,86.12759999999994,91.90017500000046,80.1950000000001,85.45720000000016,50.0,51.0,52.0,53.0,54.0,55.0,56.0,57.0,58.0,59.0
3.2882876109125614,5.390729713445269,5.79754204162093,5.456818933585479,5.823737876907706,5.860704642261621,6.698986983365594,9.458618680496985,11.180234370963332,22.211741725596788,99.18492500000019,98.74920000000004,97.00984999999991,97.66425000000022,97.28394999999999,94.02052500000023,92.73809999999976,91.1143750000003,90.4815750000003,79.66997500000063,50.0,51.0,52.0,53.0,54.0,55.0,56.0,57.0,58.0,59.0
3.518994019525286,4.90550826960791,5.892670723322469,5.759550863615607,6.464782231610828,10.211169048450968,13.801601446775038,9.721282165484679,7.922355582044975,8.181635531480548,100.30050000000004,98.0096499999998,96.31482499999986,98.61224999999995,96.85155000000037,93.10802500000025,88.29907499999993,91.47084999999991,92.70837500000027,90.49690000000001,50.0,51.0,52.0,53.0,54.0,55.0,56.0,57.0,58.0,59.0
3.3363432063406258,5.325567442469596,6.030431247837293,6.042017467859221,6.730857002817039,7.151733979214742,5.980284767713949,13.853368735082274,20.17209304319328,21.121718512370933,100.60145,98.33350000000023,97.1371250000006,97.02732499999956,96.49452499999991,95.26679999999986,95.6940000000007,87.63394999999994,81.79772499999999,83.660575,50.0,51.0,52.0,53.0,54.0,55.0,56.0,57.0,58.0,59.0
3.282366040341387,5.595661237666051,5.427873589650704,5.208599135081811,6.345854955406524,6.788997174754119,9.481294823236833,14.186850597117475,17.276103188221008,11.570740517245806,99.97462499999995,98.85947500000022,96.48902499999973,97.14555000000028,95.1961500000002,94.92144999999981,91.50722499999978,88.24599999999936,82.90377499999983,88.04302499999976,50.0,51.0,52.0,53.0,54.0,55.0,56.0,57.0,58.0,59.0
3.737823599637361,4.787368278868752,5.7031409892222085,5.70366448910717,5.628866938292688,12.930222259621704,17.529516164628816,10.74163255631971,10.90697475969296,19.865306601524207,100.10302500000024,98.47289999999983,96.59587499999964,97.55270000000023,96.70375000000062,89.09462499999982,86.43745000000001,90.6444000000004,88.04537499999972,80.84682499999936,50.0,51.0,52.0,53.0,54.0,55.0,56.0,57.0,58.0,59.0
3.3741355297003692,4.668147326266585,5.269150576067421,6.690772367779278,5.704402501704339,5.076878080069971,7.972169642224268,6.759762553884007,15.951303331024526,20.126453641056163,99.06114999999994,100.46280000000029,96.16542499999981,96.86719999999957,97.05545000000001,93.93667499999962,91.9488,92.71709999999979,84.35057499999968,75.31154999999977,50.0,51.0,52.0,53.0,54.0,55.0,56.0,57.0,58.0,59.0
2.9677300565152778,6.044658319249587,6.26195784363946,7.662355337233585,6.531751379648705,7.736819766548141,9.546106817713051,8.7764610620903,9.773106353734248,16.903646492099416,100.79735000000001,97.87997500000023,98.11265000000022,95.9151750000003,96.60695000000074,94.00969999999994,92.27795000000077,90.37939999999992,90.13494999999938,79.85905000000045,50.0,51.0,52.0,53.0,54.0,55.0,56.0,57.0,58.0,59.0
3.9959795074063886,6.250468264549311,5.778895343408637,5.6675326442056395,5.294062396468695,5.6160860130012,7.584503310673007,6.445181081209806,10.426812466382263,14.061139502616992,99.68544999999997,98.99197500000054,96.20852500000001,97.67369999999995,96.84362499999986,95.05467500000003,92.91247499999989,94.89490000000005,88.94399999999918,87.4761,50.0,51.0,52.0,53.0,54.0,55.0,56.0,57.0,58.0,59.0
3.535302798974965,4.679970673011757,5.9022329796822,5.905388035370677,7.350080288685632,8.306113964060872,6.718075641890696,9.65306996889006,16.231459795133663,28.808236494001537,99.29304999999997,100.65575,98.18482499999996,97.3643249999999,96.56530000000072,93.45057500000019,94.50620000000096,89.32832500000002,85.94424999999987,69.00797500000016,50.0,51.0,52.0,53.0,54.0,55.0,56.0,57.0,58.0,59.0
2.9322858633781403,5.394418065290414,5.344730396287964,5.582105413544603,6.266833747005445,5.961508972744742,8.514647053590865,11.984008100906028,9.832592984681161,14.514106594021257,99.85012499999999,99.25190000000029,97.09775000000027,97.30644999999986,95.54169999999999,95.87424999999949,91.85040000000036,88.91425000000018,89.29579999999993,84.54315000000022,50.0,51.0,52.0,53.0,54.0,55.0,56.0,57.0,58.0,59.0
2.9900921897412416,5.902740340819726,5.464099126480686,7.651776346092802,5.316997941313216,5.669804700355215,9.584586304149274,11.454076760578243,12.672380732762612,16.66145112390506,100.31764999999974,97.6633750000003,97.05852499999993,96.23529999999997,97.13747499999981,95.38245000000026,92.56427499999955,89.6809999999998,89.3354249999998,83.31434999999992,50.0,51.0,52.0,53.0,54.0,55.0,56.0,57.0,58.0,59.0
2.983470537096497,5.018520839857602,6.614254130529504,5.1030300255922505,6.9404399844652485,5.52646386389339,5.464966850891291,11.800681017874258,16.135192293076095,16.749933434868815,100.00605000000013,99.35592500000013,94.94952499999977,97.60512500000016,95.97272499999971,95.62925000000071,95.14450000000001,89.86522499999992,85.71257500000016,86.68525000000008,50.0,51.0,52.0,53.0,54.0,55.0,56.0,57.0,58.0,59.0
3.2559980822715295,4.8998836075139165,7.629301687015054,7.310085235991009,5.9367515514687765,11.128222886418339,19.31211950186209,11.140023299074691,13.322193716016837,6.000959099546691,100.27849999999998,99.09974999999959,95.91837499999998,96.45512499999973,96.95947500000003,92.1287500000001,85.76027499999982,91.5380750000002,86.76887500000012,92.34862500000011,50.0,51.0,52.0,53.0,54.0,55.0,56.0,57.0,58.0,59.0
3.65377334740568,5.236149450505975,6.112607256164022,5.318926949060753,8.876683223480773,6.044527665725906,6.9992845269673625,10.676953693093234,9.767934005548122,18.66073196470946,100.06032500000013,98.36725000000025,95.74087500000014,97.4439499999999,92.69955000000016,95.61192499999974,94.28645000000019,88.67867500000028,91.6651749999996,83.86200000000004,50.0,51.0,52.0,53.0,54.0,55.0,56.0,57.0,58.0,59.0
3.6201078174109456,4.9505968126985405,5.267555195557435,5.330602553292225,7.009592186117738,9.935007350772567,8.324790403675792,11.067588665533009,11.532783443139309,12.424782461032345,100.00657500000005,98.26905000000022,96.47317500000004,98.01817499999964,94.63472499999992,92.23372499999982,93.98055000000022,90.31170000000003,88.76422500000015,86.70267500000018,50.0,51.0,52.0,53.0,54.0,55.0,56.0,57.0,58.0,59.0
3.4509116556357253,4.861089006337856,6.546497060356449,5.4730823758505975,6.996812087457658,5.113732535985804,8.010108055757266,10.913336902870395,11.955788277406347,21.121267432811866,100.06737500000014,99.93987500000011,97.66477499999974,97.84535000000008,95.63055000000026,96.74542499999944,93.8920250000004,87.40467500000004,89.93605000000021,82.60497500000015,50.0,51.0,52.0,53.0,54.0,55.0,56.0,57.0,58.0,59.0
3.055984122501046,6.120695076826385,6.360832932263753,8.37107608957467,6.035760513130134,7.511140616889245,11.015508234794952,5.335577291811397,14.150727089020867,22.777560811811433,99.39074999999978,98.88157500000035,97.65507499999958,94.9016000000004,95.93842499999973,93.53450000000036,91.93520000000025,94.65232500000035,84.74762500000014,77.76394999999992,50.0,51.0,52.0,53.0,54.0,55.0,56.0,57.0,58.0,59.0
3.363270892010711,5.058438789932695,5.754673790024053,5.726037901935526,5.181446931652178,6.199147725797728,9.437996724336383,14.31705932074729,21.861463492937215,10.146652759339371,99.28205000000018,98.79710000000004,95.26067499999986,97.92902500000041,96.75837499999979,96.31870000000005,92.13834999999929,86.9569999999997,78.6018000000003,89.49224999999991,50.0,51.0,52.0,53.0,54.0,55.0,56.0,57.0,58.0,59.0
3.4810793436373078,6.467510884636874,5.346438329465737,6.796228221338529,5.325585675845464,5.133678511740481,6.685432158877275,9.583068539131286,14.221962882228555,13.682693550459021,100.06659999999985,98.09667499999964,97.45637500000008,96.5863499999997,97.37862499999996,94.33187499999977,91.86797499999975,90.11327499999935,85.57162499999988,86.8836749999997,50.0,51.0,52.0,53.0,54.0,55.0,56.0,57.0,58.0,59.0
3.503140161768652,5.443376192188525,6.471854463712448,6.605153512662512,10.66281761542182,9.021781572886502,10.851488036932208,9.63749105791132,17.211633847901602,13.959762297105772,99.50005000000013,99.54445,96.41122500000027,97.28577500000006,95.0577999999993,93.67015000000069,91.75857500000032,90.35172500000067,87.57432499999975,85.19030000000012,50.0,51.0,52.0,53.0,54.0,55.0,56.0,57.0,58.0,59.0
3.62552876471652,4.854443006960626,5.312141803891094,4.908838032548018,6.480604693465842,6.0545075886024975,6.510455444325403,7.941795124483799,7.988804315239772,9.67787507270896,99.64732500000005,99.281775,96.80742500000042,96.78487500000038,95.06852500000005,95.3796249999994,94.88815000000037,92.44367499999993,91.74809999999985,83.35610000000035,50.0,51.0,52.0,53.0,54.0,55.0,56.0,57.0,58.0,59.0
3.51631148472427,5.567479298321963,5.566943791847623,5.583989527839706,6.803606982438487,8.841167548424227,6.148035540764647,13.964255730580652,9.406310487532767,7.690287311527569,100.20412500000006,99.2272749999997,95.75150000000006,97.48315000000031,96.14875000000025,93.1825499999996,92.58960000000043,88.0281000000001,90.71077500000054,91.84972500000008,50.0,51.0,52.0,53.0,54.0,55.0,56.0,57.0,58.0,59.0
3.1929851843053703,5.366309306710492,6.3409982707405605,5.2304906513372975,5.5642042741057764,8.222244936772142,12.163538240398548,12.609270696718609,8.39240276214512,10.112054380603041,99.94129999999998,99.66424999999971,95.32340000000025,97.31625000000011,97.13342499999997,96.27592499999986,90.26292500000056,88.3007749999996,92.64530000000026,85.68052500000023,50.0,51.0,52.0,53.0,54.0,55.0,56.0,57.0,58.0,59.0
3.5334464119536433,5.693191049098544,5.758821064627916,4.878583135099579,8.12949362215454,8.133940258697875,10.706554041671092,16.71726659626508,19.21057071856642,7.162384562861252,100.84472500000027,97.3063749999999,96.97807500000059,98.55617499999991,94.30982499999963,95.49440000000045,91.52045000000003,87.37602500000031,82.44457500000017,92.96649999999946,50.0,51.0,52.0,53.0,54.0,55.0,56.0,57.0,58.0,59.0
3.248488358576632,4.797352245630846,5.9031619576333005,7.545768911357332,9.76852298866441,5.877288205686476,6.7457520828356525,11.552072040297016,10.74689368943352,7.989407025035139,99.82084999999991,99.51172500000023,97.15724999999985,95.63797499999981,92.94137499999978,94.84467500000007,93.41685000000015,89.2525999999996,90.76670000000018,91.18777500000016,50.0,51.0,52.0,53.0,54.0,55.0,56.0,57.0,58.0,59.0
3.505002196532671,5.157502676810324,7.528571273295056,6.129153759474357,6.365258907379887,8.17331900204896,7.607227773288858,8.500006514982937,13.420799840981381,7.531777967364335,100.23534999999997,98.32207500000072,95.49447499999962,97.7456749999999,95.80805000000001,93.21675000000029,94.44425000000001,92.99102500000018,88.86825000000017,91.0143000000002,50.0,51.0,52.0,53.0,54.0,55.0,56.0,57.0,58.0,59.0
3.480245717277203,5.348847768033579,6.014222757363381,5.836345448006761,7.568313017506971,5.603804782323721,7.821939316225124,6.167512227625816,10.101727003548804,22.91567239936748,100.9055500000002,97.72337500000009,97.39274999999972,96.77072500000007,96.5154999999994,96.36447500000031,92.88902500000022,94.86052500000031,89.15930000000012,77.92507499999995,50.0,51.0,52.0,53.0,54.0,55.0,56.0,57.0,58.0,59.0
3.196407251846959,5.451177831200674,6.308100281697889,7.935636462220927,6.585589369452557,8.11502859476921,10.031329092201743,12.185710379219715,11.708715084236909,8.657375103992006,99.75129999999992,98.92564999999959,95.90177499999969,95.57395000000017,96.24802500000013,94.24877500000021,93.73227499999997,88.47864999999997,89.19182500000014,90.49257499999952,50.0,51.0,52.0,53.0,54.0,55.0,56.0,57.0,58.0,59.0
3.3525038580975983,4.859346914577937,5.850829347314849,6.032809829359667,5.28180803394337,9.069464872528975,10.632923660630052,9.850745651596442,18.159943866050607,21.052791448258873,99.23764999999987,99.62370000000017,96.43522499999999,96.1214000000001,98.62337500000025,93.04734999999991,91.29139999999936,90.0404500000005,82.3742499999989,77.88350000000018,50.0,51.0,52.0,53.0,54.0,55.0,56.0,57.0,58.0,59.0
3.65327742408699,5.638014262290039,5.425439954450669,6.7316767906448725,7.9891749732216635,7.373435389565508,7.555242614890664,15.72727362218794,15.392588616917717,19.53256074837781,100.75857499999988,98.60017500000022,96.84200000000062,97.28115000000004,95.29932500000031,95.13317499999978,93.09127499999994,87.2278250000004,85.4862500000002,80.80472499999978,50.0,51.0,52.0,53.0,54.0,55.0,56.0,57.0,58.0,59.0
3.15649216231569,4.643332521848315,5.614677014440657,5.9377526801766916,5.388268508355357,8.626788621408272,10.53862794005009,14.854979820340766,14.890788173753355,20.412223321835135,99.64722499999984,99.80939999999983,97.41115000000006,98.30625000000002,95.61097500000027,90.56134999999988,90.89217500000042,88.34349999999957,87.37077499999995,75.79569999999995,50.0,51.0,52.0,53.0,54.0,55.0,56.0,57.0,58.0,59.0
3.0975417441583253,6.1274053160639435,5.954560749226858,5.141927815051725,5.555592654467315,7.436504958681883,13.418885221942798,12.67627176550489,7.849249425790605,8.464967476698643,100.879475,97.87937500000011,96.03582499999958,98.09792499999972,97.4427499999997,95.62055,89.41462500000041,87.99159999999992,90.53909999999982,90.19432500000038,50.0,51.0,52.0,53.0,54.0,55.0,56.0,57.0,58.0,59.0
3.154257746438214,4.85007490800984,5.435612089154899,6.298789051566425,8.464307649558124,12.854592693898862,7.131078149570908,5.42191101401498,19.70962336338681,16.377272211819953,99.42179999999985,99.2350000000001,96.1476750000002,96.29967500000033,94.07787500000005,90.64402499999973,92.81675000000028,93.6628749999998,76.10200000000026,75.0593499999996,50.0,51.0,52.0,53.0,54.0,55.0,56.0,57.0,58.0,59.0
3.2995555656732742,4.6534346182414685,4.9399450592688074,5.950255169174608,7.445610277242242,11.744914249995395,9.89968227290918,7.267906715933808,16.170639843756284,12.136909329743474,99.74395000000021,99.71657499999985,97.23219999999955,96.94630000000014,95.27607499999964,91.37412499999978,92.32550000000026,92.78294999999983,86.81780000000069,85.44932499999972,50.0,51.0,52.0,53.0,54.0,55.0,56.0,57.0,58.0,59.0
3.3807164361730937,4.983875349677755,6.904008619047411,6.070322488761103,11.074806235057661,6.556957925974247,17.192784079729673,7.046111771434496,6.342448030611722,8.477576536337772,100.33399999999997,99.62867499999977,95.60767499999989,96.95769999999983,95.28734999999996,94.35532500000005,87.18699999999978,93.21949999999968,93.95195000000022,90.55084999999974,50.0,51.0,52.0,53.0,54.0,55.0,56.0,57.0,58.0,59.0
3.386135360660492,5.378983565830606,7.162562575037001,5.88482275551328,7.003956930958411,5.99253733582325,6.560624321672448,14.599386601975851,11.36808469550597,12.658302663199226,100.17447500000002,99.02517500000049,95.75510000000021,96.94932500000012,97.21487499999971,96.25357499999939,93.71267499999988,83.17637500000033,89.02357499999975,87.6600000000001,50.0,51.0,52.0,53.0,54.0,55.0,56.0,57.0,58.0,59.0
3.054536639396507,5.06666264710458,5.5466939888980935,6.91435638085395,8.087431690788899,16.576464266582626,11.03467739659835,24.176776397875532,11.502307209640485,9.039420025488283,99.38312500000008,100.98607499999976,98.20222499999932,96.49377499999996,96.49315000000018,88.87994999999997,91.32292500000003,73.32387500000037,89.1256250000003,89.20459999999986,50.0,51.0,52.0,53.0,54.0,55.0,56.0,57.0,58.0,59.0
3.5307376629002207,5.251645939135179,6.085825185089261,6.122672384501636,9.003182547743547,6.689299960719525,7.074622792335074,7.511295693878348,7.1670152430245935,18.261825041909304,99.65309999999985,98.74135000000022,95.76402500000006,96.46917500000028,95.42540000000005,94.5840499999996,93.46930000000046,91.8801749999997,92.58339999999998,84.08412500000011,50.0,51.0,52.0,53.0,54.0,55.0,56.0,57.0,58.0,59.0
2.9047884686150036,5.425932889212151,5.448093804022075,5.1413448214121305,7.672686535323509,7.2333093260469745,11.84479723170072,17.23452661267946,21.71202430933559,27.264154993943365,99.9479750000003,99.73607500000017,98.46187499999994,98.07537500000035,96.7417,94.9447249999998,92.07677500000003,85.92762500000053,78.49162499999976,72.84480000000038,50.0,51.0,52.0,53.0,54.0,55.0,56.0,57.0,58.0,59.0
2.817854522869488,5.605621060260462,5.335765579233525,5.730316288162564,8.334601148977152,4.552342951785963,10.465513274724117,21.756577523409813,12.319481298729052,10.956405775304763,99.74019999999977,99.31984999999989,97.62742499999953,96.79600000000038,95.35047499999983,96.41324999999975,91.80257500000013,79.80022500000042,86.99720000000018,86.55822499999962,50.0,51.0,52.0,53.0,54.0,55.0,56.0,57.0,58.0,59.0
3.319282385117463,5.426641716064574,5.986829658690907,5.9745634948380895,5.572075600494291,7.5032552528265715,7.55705463866584,17.166570387494684,16.69054435400225,11.116827451915984,100.08212500000019,98.68892499999988,97.86454999999984,98.0000249999997,96.69112500000041,93.52482500000058,93.09172499999978,81.85777499999989,84.04805000000023,87.56682500000058,50.0,51.0,52.0,53.0,54.0,55.0,56.0,57.0,58.0,59.0
3.640166184984163,4.742486941330924,5.861170096646736,6.4171356947833536,5.759616698325576,8.32679175736281,8.502682329323887,7.651508633371479,13.598366339143345,14.659374542284723,99.96602499999997,99.66704999999973,96.82632499999973,96.8076999999994,97.72057500000004,93.92759999999943,91.50510000000028,93.3422749999998,87.7087000000005,83.99460000000079,50.0,51.0,52.0,53.0,54.0,55.0,56.0,57.0,58.0,59.0
3.607326644779492,5.447122033397394,6.132912635828049,6.904286804996069,6.3186987031370245,6.671663365713809,9.286877711390042,12.61739218944256,20.59294170642121,8.605083624025001,100.82742500000022,97.38534999999978,94.88709999999999,96.81804999999997,96.86727499999994,94.93342500000044,92.48684999999993,91.16117500000003,81.9179999999997,91.91207500000033,50.0,51.0,52.0,53.0,54.0,55.0,56.0,57.0,58.0,59.0
3.350800550844644,5.73218637866171,5.70114064572443,5.114609423238117,6.2720600017723775,9.103233372175469,20.27474545214007,12.492888358573044,6.217562378886333,9.156325764198492,100.63702500000005,97.57897499999966,96.41780000000026,98.05974999999967,96.01204999999976,92.62702499999959,85.7549500000001,86.81529999999998,90.89907499999993,90.7519749999997,50.0,51.0,52.0,53.0,54.0,55.0,56.0,57.0,58.0,59.0
3.284452349782837,5.000103029453751,6.859342208095749,5.111124929347423,6.632943613546722,8.447766851209034,7.476525027761586,15.702736146309512,26.344880518596863,12.422599475909598,99.9115250000001,99.72890000000021,96.05739999999986,97.19367500000048,95.41069999999986,91.39310000000017,92.63584999999969,87.49657499999984,71.26652500000014,88.09449999999967,50.0,51.0,52.0,53.0,54.0,55.0,56.0,57.0,58.0,59.0
3.497380231489966,4.300071621260975,5.766869372593355,6.185996696324567,5.188514930458599,7.359626139134305,8.418777102640975,10.160002233861519,12.43237386359971,16.21061194076652,100.24202500000017,98.44559999999993,96.11482500000042,95.89197499999949,96.36040000000006,95.34337499999957,93.11000000000008,90.07917499999961,86.77847499999905,82.38047500000015,50.0,51.0,52.0,53.0,54.0,55.0,56.0,57.0,58.0,59.0
3.5811845737794274,5.091014030751207,7.0794893236671355,6.79245456840949,6.1730075561791065,9.092079216087528,12.44415386517742,19.685047890536776,25.516746648814184,12.243087387941385,99.86070000000038,98.99797500000032,95.81497500000019,97.07232499999986,96.51165000000016,94.31657499999987,91.54674999999999,85.00354999999986,69.27920000000032,88.21707500000029,50.0,51.0,52.0,53.0,54.0,55.0,56.0,57.0,58.0,59.0
3.7504304118510277,5.569996938324695,6.362370665846168,5.6329207918893065,6.092365638149885,11.30072896653519,9.438040248178543,14.450270150198122,26.868889950714223,17.823386393970544,99.85469999999981,97.96480000000028,97.53637499999944,97.40997500000023,95.09237499999982,91.10075000000006,91.82152499999957,87.92180000000043,76.4488000000003,83.52244999999975,50.0,51.0,52.0,53.0,54.0,55.0,56.0,57.0,58.0,59.0
3.622941273483543,5.886043752377521,6.568539094600385,6.6474948735630495,6.363472469370337,7.488205731810256,13.650120855474487,15.913290729302114,11.464689071978079,16.94798314479744,99.09382499999991,98.78902500000018,96.2508750000001,95.96199999999978,95.5498499999998,93.76517499999962,90.11642499999971,85.83472500000038,90.0535749999999,80.53670000000014,50.0,51.0,52.0,53.0,54.0,55.0,56.0,57.0,58.0,59.0
3.381107660794306,4.429932420477766,5.715662515316532,6.262615002803275,5.812666577085613,6.397305980012286,9.290458464662377,9.723415891942443,12.105597963794706,14.393244386933441,100.10082500000047,99.53177500000001,96.4629,97.62399999999991,96.24910000000042,96.73360000000035,93.73027500000006,91.6102250000001,87.79130000000059,86.91239999999979,50.0,51.0,52.0,53.0,54.0,55.0,56.0,57.0,58.0,59.0
2.958928981973069,4.84423802790857,5.997770043962182,6.718387056416139,8.17646604031682,13.0750891326709,12.259771243092855,9.522039576495583,10.887452074094648,20.25014246400272,99.85209999999996,99.44750000000003,97.2946500000001,97.07165000000006,94.82670000000017,92.25802500000043,91.21274999999972,91.56934999999979,90.84862499999964,81.55135000000037,50.0,51.0,52.0,53.0,54.0,55.0,56.0,57.0,58.0,59.0
3.2856150068117373,4.676841479298421,5.419341311404898,5.053089847596116,5.5962999348547635,6.077596089500648,7.66353375831492,11.610960991965888,16.74540994053037,19.627103392854405,99.4304,99.37222500000003,97.25617499999997,97.99202500000001,96.25652499999934,94.32059999999971,93.19609999999999,88.26477499999976,84.67022499999993,81.41200000000045,50.0,51.0,52.0,53.0,54.0,55.0,56.0,57.0,58.0,59.0
3.4171272480425214,4.685674236331898,5.799756047410938,5.9576737740307575,5.56451549340445,5.956871339728519,9.063224358244915,9.656468341501213,7.892834553957664,12.099360142267903,99.95350000000005,98.48335000000012,96.0175249999994,97.81462499999972,96.93819999999963,95.98099999999965,92.03550000000006,91.0756000000002,91.74465000000012,87.2173249999999,50.0,51.0,52.0,53.0,54.0,55.0,56.0,57.0,58.0,59.0
3.4666489276235772,6.093360665478435,6.645809832643862,7.008212767931657,6.633463054359071,7.535405465344156,8.756276781917116,7.549579180807274,11.533790396258611,9.836805162521147,100.46479999999994,98.15634999999983,95.77025000000009,96.06365000000021,96.2888500000003,94.44262499999937,92.30809999999968,93.38187499999998,89.2199250000005,88.9207499999993,50.0,51.0,52.0,53.0,54.0,55.0,56.0,57.0,58.0,59.0
3.4484345855105434,5.3102148627380625,5.936255776482505,5.731041027215545,5.044990567375964,5.924479319324404,12.159387756186684,9.915776105644158,20.543132966846773,16.430460738805216,100.05740000000004,99.0330500000001,96.13185000000033,97.77040000000062,97.03080000000003,96.0276500000006,90.19349999999991,90.54482499999965,83.43924999999982,85.63957500000103,50.0,51.0,52.0,53.0,54.0,55.0,56.0,57.0,58.0,59.0
3.1828356883460867,4.7252197748184335,6.932862921740616,6.727980268940273,6.679606973067901,6.134140048649298,7.284554266764214,7.891322539708592,10.480362770499676,12.715714364135039,99.56954999999991,99.88042500000053,96.29005000000015,97.60440000000031,95.82239999999985,95.65097499999963,94.18200000000017,92.87659999999981,87.90902499999984,85.5710749999995,50.0,51.0,52.0,53.0,54.0,55.0,56.0,57.0,58.0,59.0
3.242387434921846,5.193218156154111,6.0338929367354535,4.957471044186942,5.938045433150379,13.877016836572487,14.313652438054856,8.655093591206064,13.260522802924418,21.08133922285808,99.75760000000004,99.66620000000003,96.31359999999955,97.8146750000007,96.93252500000062,89.32087499999977,88.84307500000004,91.50949999999995,88.37172499999944,77.49255000000001,50.0,51.0,52.0,53.0,54.0,55.0,56.0,57.0,58.0,59.0
3.328627304045862,4.9176224636858485,7.739365543045466,6.03238056591434,5.019574439509478,7.731516194816535,10.345710673948386,8.441799038408663,10.020119483898924,9.006382112528783,99.83322500000011,99.92410000000034,94.48257499999991,97.52912499999954,97.76509999999969,95.34622500000015,93.00887499999972,92.40217499999972,90.4622749999997,90.62794999999959,50.0,51.0,52.0,53.0,54.0,55.0,56.0,57.0,58.0,59.0
3.2381770975090935,4.390326612153211,6.068212080912257,5.995749097318366,5.367029053378126,5.957639652800117,8.007779030574037,9.963851903248809,7.722815912626052,11.739186315799468,99.8065750000001,99.72915000000026,96.0317999999998,95.98187500000023,96.08062499999966,95.56505000000007,93.23239999999984,89.74315000000026,91.66865000000013,86.75037500000035,50.0,51.0,52.0,53.0,54.0,55.0,56.0,57.0,58.0,59.0
3.212237822809847,5.123919541301646,6.936399378823734,5.126658980871761,5.471636731695264,7.729968706799792,10.00835480888294,22.045443464765096,8.302244731285876,23.839980759969016,99.95732500000003,98.62410000000047,95.87327499999996,98.39509999999962,97.42742499999972,94.16500000000045,92.3464500000001,82.28717500000009,90.62792499999983,77.13692500000026,50.0,51.0,52.0,53.0,54.0,55.0,56.0,57.0,58.0,59.0
3.748181937058505,4.8912938801799815,5.977631643419257,6.1870012245090145,9.586241959963116,6.01199372576638,5.715106489042049,9.934273089173669,8.148508762153874,18.012189978964084,100.845775,98.75167500000025,96.61672499999996,97.17220000000017,93.11645000000006,95.41672500000027,95.38979999999978,87.94182499999991,91.5639749999998,84.95392500000027,50.0,51.0,52.0,53.0,54.0,55.0,56.0,57.0,58.0,59.0
3.1235357105638446,4.86205079810533,6.193873221346726,6.923958763731622,8.733745160569141,5.177005074378918,5.8799691009127635,8.923912965106977,13.486544502533235,13.185884094256767,100.01845000000003,99.77707499999983,96.49522499999941,96.60137499999999,94.32284999999969,95.94677500000027,95.11437499999973,92.63004999999997,87.64634999999997,89.83184999999993,50.0,51.0,52.0,53.0,54.0,55.0,56.0,57.0,58.0,59.0
3.780089138674267,5.342495673373072,6.541347839190074,6.28336950533273,6.6570174914101345,9.588619008869243,7.151325970121938,10.246030841818978,14.084415299420074,13.360862988567566,100.98262499999976,97.90190000000015,95.4767500000003,98.67427499999998,95.58159999999961,92.6609000000004,93.61577500000007,88.49975000000038,83.00522499999958,83.75357500000005,50.0,51.0,52.0,53.0,54.0,55.0,56.0,57.0,58.0,59.0
3.4017724721608253,4.974589944161858,5.741382667525958,5.96382358099463,5.20670455505801,6.5671412400228,10.618455442082325,9.230319249989588,6.845906959302231,15.243284713236823,100.18152499999998,97.78959999999994,96.72194999999935,98.27637499999956,97.11274999999969,95.74907500000015,90.56634999999989,91.69379999999956,93.7225250000003,89.51887499999913,50.0,51.0,52.0,53.0,54.0,55.0,56.0,57.0,58.0,59.0
3.6710715728001424,5.170359635340116,5.759051460688942,7.621429506216936,7.1532673986954105,6.1289541847752895,8.067031486147755,8.014626325783752,18.92992352128333,15.356437412205915,100.90637500000005,99.27477499999979,96.44690000000016,94.74872500000012,95.80420000000039,95.82662500000002,93.56199999999993,92.35327499999974,83.13657500000018,86.9253,50.0,51.0,52.0,53.0,54.0,55.0,56.0,57.0,58.0,59.0
3.197871565690268,4.6377106204758665,6.014622277256406,6.787867124098866,7.0061685230275135,11.0771388757301,9.936745086367857,11.455820623484541,9.412163657030638,22.854100371624195,99.97137500000025,99.4938250000002,96.57705000000007,96.66952500000008,95.34027500000042,91.67682500000045,92.88979999999945,88.02367499999993,91.33067500000018,76.92607500000032,50.0,51.0,52.0,53.0,54.0,55.0,56.0,57.0,58.0,59.0
3.20895265290161,5.264609444267955,5.956684818872885,5.938739404145898,8.0918733193809,6.654650729943968,6.753469079651206,8.03482563416816,15.263510158071366,11.940780794083826,100.25340000000011,98.82567499999979,97.28087500000004,96.0635499999998,95.69829999999976,95.28077500000032,92.65474999999951,91.76819999999933,82.2705250000006,88.0332250000002,50.0,51.0,52.0,53.0,54.0,55.0,56.0,57.0,58.0,59.0
3.984921426297121,5.301428571321452,5.799162645908187,6.2092698937803394,5.829518511896182,6.032451380591857,10.568627565668635,9.033581209526462,10.207323272248805,17.041027626309845,100.94052499999991,98.97272499999967,96.44049999999953,96.94845000000022,96.39824999999965,95.6584750000002,93.67634999999994,91.45972500000022,85.88720000000035,86.09002499999987,50.0,51.0,52.0,53.0,54.0,55.0,56.0,57.0,58.0,59.0
3.2918137619398595,4.998441983308925,6.325196654362469,6.127862583921388,7.712195495061833,8.881741279639607,5.287615074962008,9.52859542340168,7.888623928995573,12.717933100495314,100.18352499999999,97.75402499999994,95.93719999999988,97.04495000000017,94.80747499999997,93.60507500000064,93.8500750000003,89.2011499999995,91.52777500000015,89.17424999999959,50.0,51.0,52.0,53.0,54.0,55.0,56.0,57.0,58.0,59.0
2.917795636381658,4.224046973080484,6.209021490052356,5.013808220386019,5.629722349002962,6.895377717087416,14.156341277270561,9.055597708009099,21.82567641713614,27.010181282542938,99.39830000000022,100.05567499999997,96.65809999999952,97.69012499999961,96.33539999999975,93.87992499999991,88.40462500000066,90.5347249999999,77.8951000000001,64.62357500000017,50.0,51.0,52.0,53.0,54.0,55.0,56.0,57.0,58.0,59.0
3.173493030302996,5.653094123936647,6.237159175240651,5.562153384212787,9.202347447215283,12.025174390791156,8.536703104826241,9.861076861215837,16.44339898802905,14.448150648887957,100.06112500000035,99.3032500000004,96.52300000000007,97.62132500000024,94.86660000000023,91.49857499999935,91.95050000000045,92.72167500000005,85.54267500000016,83.81592499999928,50.0,51.0,52.0,53.0,54.0,55.0,56.0,57.0,58.0,59.0
3.54937050411587,5.002566105892247,6.783252272744826,9.488920445214397,6.871331131238879,4.619266140764636,11.028011037976288,6.405347295921251,8.902059874230076,12.661295296045418,99.95479999999998,100.01129999999985,96.7893999999998,95.06030000000013,95.66182499999962,96.20882500000042,90.1934000000002,94.41632499999979,87.34557499999998,88.51252499999991,50.0,51.0,52.0,53.0,54.0,55.0,56.0,57.0,58.0,59.0
2.8715807925468617,6.431022975595043,6.226721605737057,5.945988271789992,8.226519583736842,13.91525916442743,11.937328243488842,14.054438218115067,9.016812033480766,10.163577265973862,100.71319999999997,98.7548749999998,95.44472500000025,97.48439999999978,96.28797499999955,90.59907499999973,90.07089999999998,83.69430000000025,90.89455000000011,89.96410000000012,50.0,51.0,52.0,53.0,54.0,55.0,56.0,57.0,58.0,59.0
3.875630705583032,7.248453778640694,5.99298174994114,6.784332082473384,4.616937979606047,5.73182515514732,9.121186821050879,11.518697540803744,16.64714858879573,23.73435412604249,99.74762500000008,98.27559999999993,96.27460000000018,96.95072500000029,97.57877499999938,97.20102500000057,90.89699999999982,90.39039999999999,85.79537500000025,72.56504999999993,50.0,51.0,52.0,53.0,54.0,55.0,56.0,57.0,58.0,59.0
