Window Num,Window Num STDV,Num Data Points in Row,Num Data Points in Row STDV,Speculator Proportion,Speculator Proportion STDV,Market Price,Market Price STDV,Excess Demand,Excess Demand STDV,Kurtosis MP,Kurtosis MP STDV,Kurtosis ED,Kurtosis ED STDV,Kurtosis SP,Kurtosis SP STDV,MP Volatility Last 100 Trades,MP Volatility Last 100 Trades STDV,MP Volatility Last 10 Trades,MP Volatility Last 10 Trades STDV,Overall Sim Volatility,Overall Sim Volatility STDV,Pre-CUSP Market Price Difference,Pre-CUSP Market Price Difference STDV,Last 100 Pre-CUSP Market Prices Difference,Last 100 Pre-CUSP Market Prices Difference STDV
0.0,0.0,616.1205976520811,81.21842542201428,0.6399999999999894,1.0658141036401503e-14,102.62462113127006,1.384763594980204,-4.567769477054429,4.358280265320883,0.4700742262540028,0.6015439881211341,-0.22823100320170756,0.5132429482813897,0.0,0.0,9.800819637139794,5.095236508379893,6.591958333333329,8.742324536694333,10.224905016008545,2.4903669513435367,41.544557097118506,3.9791079591648084,25.68900747065101,6.75806145571483
1.0,0.0,616.1205976520811,81.21842542201428,0.6399999999999894,1.0658141036401503e-14,100.30207043756685,1.3552321564268472,-2.953041622198506,5.002660320164719,0.34842068303094986,0.7782983171698741,-0.2578800106723586,0.5210119531786858,0.0,0.0,10.316779082177183,5.320348641619061,6.77351440768409,9.182650395505567,11.154656350053358,2.4006447282678938,38.21638207043757,6.329151611627393,26.447438633938113,6.792542040908116
2.0,0.0,616.1205976520811,81.21842542201428,0.6399999999999894,1.0658141036401503e-14,100.19891141942361,1.395048757156149,-2.655282817502668,4.998362202418638,0.4455793383137669,0.8393528899884127,-0.29268295624332946,0.474176483842856,0.042099797225186766,0.940581303400388,10.004779082177155,5.117290697683664,6.918194236926354,9.342548629867528,11.059860192102441,2.358610996351023,39.19546424759873,6.372119285357269,26.591088580576297,6.984219756179808
3.0,0.0,616.1205976520811,81.21842542201428,0.6400499466381977,0.0001322270343562083,99.70172892209179,1.7075184985180818,-1.935965848452508,5.403481026598516,0.2912080149413016,0.7174888294265462,-0.2824248559231588,0.5119189506343517,1.9594085485592327,12.131574817441152,8.576430096051238,5.707201636008394,5.285050321199149,8.116883760760064,10.621165421558167,2.534880702191583,39.489274279615756,6.987151243838923,26.01889007470649,7.182337865201104
4.0,0.0,616.1205976520811,81.21842542201428,0.6403052294557072,0.00017007869252510155,97.54213447171821,2.36599611154518,-4.012806830309499,6.819822191652745,-0.010779914621131252,0.6909282351619955,-0.3147045677694768,0.5473901937104686,2.3308902454642464,15.072428316832326,6.733672358591247,5.229342716126422,3.641211206896552,7.62187771395121,8.748771611526157,2.726962527930149,38.45661686232655,7.178468856835167,23.836125933831344,6.799945432414921
5.0,0.0,616.1205976520811,81.21842542201428,0.6403931696905011,5.1821527105216494e-05,96.41740661686238,2.2936807063280655,-5.56350053361793,8.325711530241218,-0.1739297438633942,0.66727326306821,-0.2842297011739594,0.6954462420683242,0.5926800320170759,5.522041255338634,6.6448089647812125,5.183758368876711,3.8034672395273903,8.46276214134349,7.902026680896482,2.6707011619035836,36.03030949839915,7.113007551312029,22.652401280683026,6.285162101622326
6.0,0.0,616.1205976520811,81.21842542201428,0.6404128068303095,7.280269703892849e-05,96.12784418356452,2.226705825124727,-6.178228388473853,8.838479218603082,-0.2328826147278547,0.6253922151254218,-0.3424962540021349,0.5598318108956146,1.023928697972251,9.868294193847943,6.544352187833509,5.168668463333791,3.425654838709673,7.730627213366746,7.919775880469576,2.7414480984614777,35.23110992529348,6.971802916597236,22.66750266808964,6.1695185710344225
7.0,0.0,616.1205976520811,81.21842542201428,0.6405045891141966,0.00017577475037602183,95.82612593383134,2.656414045022168,-6.869797225186766,9.598009580070086,-0.27876049092849503,0.5946976273443695,-0.35258042689434377,0.586143481413968,1.8920654322305226,17.941480727550452,6.210299893276409,5.105919384046525,3.2197203023758063,6.807665415774336,7.748291355389536,2.605296431442753,35.02182497331911,7.304852934316412,22.820330843116313,6.216244185965535
8.0,0.0,616.1205976520811,81.21842542201428,0.640648879402354,0.00019393505105086588,94.73020277481322,3.161614163857162,-9.849519743863393,11.203644316947349,-0.2787265635005337,0.6321944193118982,-0.3386788367129137,0.6461845019114895,1.4361554642475987,9.676837370410809,5.4073191035218855,4.77705769367909,2.5731289274106195,5.508046394613927,7.378292422625396,2.635870839813573,35.70832443970113,7.054016701250892,23.16467449306298,6.376415299043044
9.0,0.0,616.1205976520811,81.21842542201428,0.6407543223052382,0.00014713556234772438,93.57029882604064,3.2486329308250403,-13.331910352187833,12.83570659527011,-0.355653052294557,0.5567184456041034,-0.34475458911419415,0.6505164343543258,0.7095427534685165,6.312652518217712,5.66638313767343,4.875349122759021,2.457770810810815,5.53276211332165,7.278988260405548,2.6331840643660347,35.64765208110991,6.805205085733157,22.996584845250805,6.199573871773285
10.0,0.0,616.1205976520811,81.21842542201428,0.6408332977588148,0.00015977943016025364,93.02610458911417,3.1358640622678,-16.257203842049094,13.162761332061338,-0.39411646744930606,0.5595755087419264,-0.39215051227321224,0.62996103528837,1.4724555709711853,16.508745169527813,5.916855923159009,5.059755470904345,3.0446019522776564,6.984597257476644,7.206270010672365,2.624730221373575,35.51889007470653,6.54759242298594,22.749252934898617,6.134030334986809
11.0,0.0,616.1205976520811,81.21842542201428,0.6409225186766389,0.00019430212235732963,93.37945570971185,3.296539471814902,-18.367129135538953,14.382772645146671,-0.3852066168623263,0.5291067040644948,-0.3765940768409818,0.6588037811884851,0.9357124973319101,6.933165180302273,6.01762219850586,5.160155077201321,2.674150326797387,5.955536509571188,7.228124866595522,2.629337835652185,34.59887940234797,6.992379700621626,21.977214514407684,6.157017933148883
12.0,0.0,616.1205976520811,81.21842542201428,0.6410296691568961,0.00020706620041407547,93.98623265741728,3.0070769962094417,-19.533617929562432,15.763567652627817,-0.34813649946638253,0.5698304454486541,-0.3928053361792958,0.6265649261090263,2.6720091782283877,32.9854126756236,6.148003201707587,5.452910723706697,2.6747320261437917,6.311289315128685,7.243635005336172,2.6177785789769357,33.805602988260404,6.668822559260872,21.456670224119517,6.364926977014855
13.0,0.0,616.1205976520811,81.21842542201428,0.6411376734258394,0.00021679761049175463,94.39580576307371,2.8704922094834733,-21.352187833511206,18.184157494752426,-0.32088893276414127,0.6216582842826255,-0.37749955176093886,0.7458018624260013,2.938966510138741,20.25820317180935,5.583425827107787,4.991493552839832,2.9136677524429975,7.327544996721003,7.154946638207048,2.5983459461043763,32.8286019210246,7.012983725548596,20.778014941302025,6.03581688704246
14.0,0.0,616.1205976520811,81.21842542201428,0.6412332977588158,0.00021610975393852343,94.62906083244391,2.595478453564251,-24.74172892209178,18.88270536210437,-0.3379614407684096,0.6313008140190921,-0.3896271718249736,0.7614571987685596,1.4453116328708646,11.776828906277192,6.132791889007459,5.491810451250441,3.045878155872668,6.886812938151306,7.374612593383127,2.734684778771358,31.718089647812185,6.779661567636377,20.0452508004269,5.844723821415798
15.0,0.0,616.1205976520811,81.21842542201428,0.6413250800426981,0.00022760555620962081,94.49256136606179,2.5394499048691337,-27.601921024546424,20.535273465145774,-0.39244930629669106,0.5801112577990873,-0.39100788687299887,0.6968762955117086,0.8964332443970114,7.326511203334855,5.5113457844183635,5.029562340629386,2.1823960176991197,5.165943986355365,7.125538954108856,2.62963247161699,30.7848986125934,6.47391233270384,19.61584845250801,5.751953605340873
16.0,0.0,616.1205976520811,81.21842542201428,0.6414271077908282,0.00024514814224642465,94.15084311632876,2.8130889439459246,-31.593383137673428,22.463348043201016,-0.3608821344717179,0.6326074719328605,-0.32908457844183553,0.77324328904243,0.9289549946638201,5.37006923951381,5.390004268943435,5.181023659271663,2.5537744444444455,6.586614197599067,7.0068185699039445,2.768421290748632,30.970117395944538,6.591739784814067,19.622518676627553,5.952671288637479
17.0,0.0,616.1205976520811,81.21842542201428,0.6415257203842097,0.0002605923363898531,93.66876200640331,3.18819406429378,-35.19530416221985,24.840822156249462,-0.34710287086446123,0.659848107076436,-0.3728060192102454,0.7681294788183334,2.044566798292424,15.582637976896901,5.462774813233727,5.31751639047324,2.3974070407040737,5.773552273056802,6.78417182497332,2.7388094791750244,31.125026680896482,6.816109568693601,19.484311632870874,6.080342943499904
18.0,0.0,616.1205976520811,81.21842542201428,0.6416209178228425,0.00026083768402809126,93.32050160085385,3.298278303864199,-38.49199573105656,25.66382680679648,-0.3723203735325507,0.6647845553670828,-0.37339363927427965,0.7677462111476547,3.1402523159018134,26.950358995844095,5.118623265741729,5.072245809478738,2.2648281596452358,5.82924475739748,6.756070437566693,2.830180452017689,31.01286019210247,7.041406923082976,19.656403415154752,6.081199186237784
19.0,0.0,616.1205976520811,81.21842542201428,0.6417250800426922,0.0002726615311374663,92.29252934898618,4.152429218617389,-41.74172892209178,25.972350013181305,-0.4431262860192105,0.6602482212916266,-0.39262049092849527,0.7676133644397866,0.5233565848452512,4.870668233570283,5.071655282817499,5.344436744999245,2.57252260198457,6.873074621145569,6.643912486659547,2.7633534834928417,31.838527214514404,7.457335366322314,19.693116328708598,5.811628399466887
20.0,0.0,616.1205976520811,81.21842542201428,0.6418279615795116,0.0002932674038064971,91.51446104589104,4.3977810637602905,-46.45357524012807,27.01780571274115,-0.4362932230522944,0.7095105166006961,-0.41352136606189954,0.7286734748578542,0.8245754642475983,4.945345092378728,4.774303094983991,4.905175308244503,2.257850332594238,6.175691437252504,6.4572379935965785,2.759017295612561,32.36846318036289,7.717768766638699,19.808591248665962,6.01890638637882
21.0,0.0,616.1205976520811,81.21842542201428,0.641916328708647,0.00030111881513787583,90.89844183564576,4.6996693865279635,-49.296691568836714,27.054305633334618,-0.4554241942369257,0.5812714066309473,-0.358894215581643,1.0991636102774751,2.302515731056564,15.29672351438295,4.899725720384196,5.122905754635283,2.1517680355161004,5.270588717179473,6.364016008537887,2.7899457610851663,32.6320704375667,7.7283852735445695,19.985752401280703,6.327726699293951
22.0,0.0,616.1205976520811,81.21842542201428,0.6420136606189996,0.00031058375181419,90.21132337246537,4.6489911873206005,-54.23159018143009,29.963990215553938,-0.4893210458911416,0.6338437081393905,-0.4215955602988263,0.7799848915428712,1.4029298399146213,9.875793646784237,4.581012806830307,4.754778079211137,2.188030337078658,5.462811732516721,6.237166488794023,2.817357025361546,32.874226254002146,7.535365573521344,20.039701173959468,6.290719487597757
23.0,0.0,616.1205976520811,81.21842542201428,0.6421233724653174,0.0003289940409577472,89.82351120597653,4.682549446079115,-57.51974386339381,31.833476213444527,-0.508536307363928,0.6151895802611784,-0.40152760939167625,0.859438962769928,1.349269188900747,11.354949253112784,4.515276414087515,4.766833537225826,2.2663740112994395,5.776749485702791,6.146189967982923,2.767417580772156,32.969690501600866,7.872176813335137,19.41307363927431,6.205872382310737
24.0,0.0,616.1205976520811,81.21842542201428,0.6422228388473873,0.0003365200285760474,88.65097118463179,5.474394516425988,-61.72251867662754,33.6426042157283,-0.5444500426894348,0.5685434255802653,-0.4460618356456775,0.8224464562112943,0.6498573852721452,6.733651113011975,4.482393810032015,4.739758878682684,2.3253063063063135,6.364686394959018,6.0850768409818565,2.7045469347311677,34.004962646744964,8.219914544324698,19.255122732123805,6.26841197584505
25.0,0.0,616.1205976520811,81.21842542201428,0.6423124866595538,0.0003462621046637886,88.00546424759877,5.947170391898984,-65.29348986125933,34.914719862272946,-0.5239695837780152,0.617365313134295,-0.40888085378868677,0.8437179383528068,1.2750421024546426,16.39215754460628,4.461201707577373,4.831158835473361,2.1743118756936806,6.081780964274044,6.009535752401277,2.7149576054545435,34.010992529349,8.256989974151717,19.546051227321247,6.222359189587885
26.0,0.0,616.1205976520811,81.21842542201428,0.6424051227321251,0.00036678447995253246,87.43384204909283,6.058132663172094,-69.56350053361793,36.972724546955206,-0.5382246424759871,0.5866462767824001,-0.39232862326574225,0.8142039736183081,4.709860053361791,38.3447613457869,4.519909284951979,4.876619203638833,2.0646314606741623,5.009801199392766,5.947614727854858,2.729294827615324,34.57353255069371,8.350304259390434,19.858591248665956,6.368371967461804
27.0,0.0,616.1205976520811,81.21842542201428,0.6425101387406621,0.00037894658511319456,86.73183564567776,6.307048236921052,-73.12273212379937,37.93983449377317,-0.48713813233724695,0.7177377514350477,-0.4188538954108857,0.841377956719608,1.6203836606189965,11.952316899247853,4.1337310565635,4.586355215934571,1.6941972942502856,3.840021071448658,5.561018143009603,2.6202239895233785,34.587193169690494,8.443841182463098,19.508164354322297,6.368091820058607
28.0,0.0,616.1205976520811,81.21842542201428,0.6426096051227311,0.0003858123612803969,86.09826040554955,6.492350976346332,-76.0298826040555,39.79141403673385,-0.5112820064034153,0.7090537494985397,-0.4629944397011738,0.924825154106563,0.705882454642476,5.24267326264873,4.315827107790825,4.4935628589735925,2.015264877479582,5.13639485836533,5.71157310565634,2.7291074844983263,35.33041622198507,8.467043469845258,19.40074706510136,6.4079455145343225
29.0,0.0,616.1205976520811,81.21842542201428,0.6427073639274261,0.0003982340807009495,85.66937033084317,6.977614788837487,-80.52401280683031,41.2163993963755,-0.5475347918890071,0.6114534240667654,-0.4344312593383132,0.8912918426313623,1.1170193489861255,7.179344975758159,3.920007470651016,4.257434193928609,1.677917431192662,4.194987021452497,5.522402347918888,2.744944516843548,34.58521878335115,8.293996734735611,19.0587513340448,6.281370640032376
30.0,0.0,616.1205976520811,81.21842542201428,0.6428072572038391,0.00042155205809984097,84.94339381003209,7.249372725793986,-83.41408751334045,41.92381836704051,-0.5634976520811098,0.6871572010883006,-0.44180582710779037,0.7107102602226041,0.7143113980789754,5.32838061577574,3.9276147278548557,4.578697757513635,1.63354745370371,4.3110074142813755,5.383816435432228,2.7058243914924343,35.257950907150445,8.887015714469209,19.38537886872999,6.550044578575411
31.0,0.0,616.1205976520811,81.21842542201428,0.6429045891141904,0.00042922862335682474,84.33655282817496,7.569442977243202,-88.79295624332977,44.37905312120931,-0.5890417929562431,0.6851224454529138,-0.4657936286019207,0.8625613563298429,1.5976351013874057,12.916394414627549,3.900228388473851,4.485787042984822,2.129481012658233,6.171499712074009,5.422590181430101,2.808736485554043,35.67988260405547,9.232295253794723,18.608858057630737,6.76840322827588
32.0,0.0,616.1205976520811,81.21842542201428,0.6430036286019171,0.00043696301120655306,83.40462113127006,8.198968470565376,-94.4162219850587,45.88938109351694,-0.5505796905015999,0.6824404625025023,-0.5006389114194235,0.8062584204599222,0.6423851867662752,5.996545937137874,3.6452155816435448,4.369414531902819,1.7754412107101305,4.491272200219259,5.1787748132337175,2.621101491816149,35.631056563500564,9.13235106184371,18.646478121664856,6.494900173063415
33.0,0.0,616.1205976520811,81.21842542201428,0.643098399146207,0.0004461235844867706,83.02580576307349,8.415517329797405,-97.32123799359658,47.88598504665983,-0.5629739914621129,0.6667194719623688,-0.4699253895410881,0.7351220880059003,1.9720414941302034,18.482093131671125,3.773850586979724,4.24154052191188,2.323779056386658,6.58973256664188,5.153168623265743,2.6310309472965843,35.58436499466384,8.760175266588982,18.76611526147281,6.80106179006683
34.0,0.0,616.1205976520811,81.21842542201428,0.6431957310565593,0.000457153417107363,82.09755602988265,9.000275609636734,-102.1547491995731,50.726278675944315,-0.5608993383137676,0.6911853418746677,-0.4462059018143006,0.862142823851932,1.870311173959444,11.865291007390887,3.534600853788683,4.293713405635319,1.6435058548009398,4.264211366733183,5.043623265741723,2.693930372064842,35.93463180362859,9.250604335617385,18.549893276414064,6.694933491852499
35.0,0.0,616.1205976520811,81.21842542201428,0.6432986125933792,0.0004772835312820646,80.9868836712913,9.693053157257161,-107.15795090715048,51.47125300679371,-0.6061845677694769,0.7025559752697617,-0.4929016755602993,0.8884449604269691,0.7533172892209179,7.657623805945767,3.6780309498399135,4.377898929074726,1.8067063020214067,4.388896190643302,4.899973319103525,2.5894282421968446,36.07438633938099,9.231011851336486,18.57022411953044,6.6282978343080945
36.0,0.0,616.1205976520811,81.21842542201428,0.6433925293489825,0.0004927518457356475,80.64175026680896,9.612043457761619,-111.43649946638207,52.26872596189905,-0.5427975133404485,0.7325126118725204,-0.5174415688367126,0.8034603073476865,1.9084368729989332,22.349416139516283,3.592256136606188,4.512309563532569,1.7394272189349145,4.361579791253636,4.701623265741731,2.713140435834478,36.24551760939167,9.489974835802348,18.521131270010702,6.45849457604051
37.0,0.0,616.1205976520811,81.21842542201428,0.6435013874066137,0.0005010215779062317,80.5811099252935,9.27513460425691,-115.74066168623266,54.18437614022312,-0.6029584311632874,0.6740880674359586,-0.5079877908217716,0.9340858072443532,2.3457229135538955,16.518920018089965,3.4369519743863393,4.420221834478067,1.6398484136310265,4.677679540812914,4.6425613660619,2.673489401165556,36.23249733191038,9.446971188047229,18.007630736392702,6.577569979145796
38.0,0.0,616.1205976520811,81.21842542201428,0.6435944503735304,0.0005085933286015027,79.42944503735323,10.330875975024261,-123.0213447171825,58.0817659867028,-0.5634198505869805,0.8011637941307747,-0.5352461686232657,0.8254227400074415,2.128961654215583,16.834250136051843,3.0991931696905004,3.7326819171469507,1.4725343601895766,3.484040720103698,4.631319103521881,2.532065902555828,36.63900747065099,9.80086718752371,18.053628601921,6.7136318309488665
39.0,0.0,616.1205976520811,81.21842542201428,0.6436964781216638,0.0005229405179117077,78.53986125933822,10.53596169704019,-127.64887940234792,57.81388718153119,-0.5657120917822841,0.8064386876207404,-0.5135703201707577,0.8575485797191557,2.302661216648879,30.789148780122137,3.153766275346851,4.194282949163776,1.7488132530120533,5.023857532663433,4.420884738527214,2.679173930006611,37.00346851654222,9.549531395260857,17.96664887940235,6.661758710093469
40.0,0.0,616.1205976520811,81.21842542201428,0.6437933831376728,0.0005428874297893353,78.8865741728921,10.770009691482976,-131.2540021344717,59.17589095142888,-0.5338672465314833,0.7937308157317261,-0.5154044076840976,0.8058500661663663,1.0819612486659544,6.706832796113492,3.1718025613660643,4.12880581013384,1.5864673784104424,4.209577389778857,4.5410032017075705,2.6606880989840054,36.21008537886875,9.562127201634851,18.001814300960522,6.8773033914295
41.0,0.0,616.1205976520811,81.21842542201428,0.643880469583778,0.0005522947117689894,77.8401173959444,10.70186244810453,-138.09818569903948,62.76430957112412,-0.5568787620064037,0.815340052639752,-0.5414613767342583,0.827886166215512,0.9873981536819645,6.21439932782969,2.7761056563500524,3.5632255276170364,1.3532850356294541,3.427935403786275,4.380893276414089,2.60200131934593,36.66707577374601,9.605045909511347,18.161526147278554,7.06884581305312
42.0,0.0,616.1205976520811,81.21842542201428,0.6439901814300966,0.0005672582575839067,78.18884738527201,10.517685890647147,-142.4429028815368,65.19745229539424,-0.5633289967982926,0.7568802792758778,-0.52299780149413,0.9183658676604585,1.0773600320170766,6.864401859951399,2.9493553895410884,4.034058788639273,1.253560439560437,3.3023603194991407,4.30118143009605,2.662799156142245,36.01136606189972,9.665670332632164,17.54583778014942,6.614679090796342
43.0,0.0,616.1205976520811,81.21842542201428,0.644089647812167,0.0005742143105754411,77.27195304162215,11.596054463042792,-148.17289220917823,67.56651327056333,-0.5220233084311635,0.7882207933083025,-0.5003822305229455,1.0381198325554581,0.8906528281750264,6.252744541992681,2.70656883671291,3.645805761677161,1.5479500609013428,4.542169794233783,4.10176200640341,2.5027473531481146,35.76072572038419,9.740689652460977,17.691035218783345,7.07522468697814
44.0,0.0,616.1205976520811,81.21842542201428,0.6441878335112069,0.000584010809343335,76.46627534685183,12.143240487699885,-152.93489861259337,69.69547289582172,-0.541334738527216,0.7947978304704634,-0.5278332870864461,0.8406270761448182,0.944670896478122,6.238470487488963,2.8493351120597628,3.9960944453547516,1.5187225572979524,4.3569028211828025,4.068141942369266,2.626442405176101,35.8546424759872,9.708292140824767,17.12337246531484,6.684167737147534
45.0,0.0,616.1205976520811,81.21842542201428,0.6442813233724658,0.0006061259304489535,76.58313767342575,12.267042072625708,-158.53468516542156,70.46050024444978,-0.5540653041622192,0.7925529867645384,-0.4890672038420492,1.038972873412053,1.3733778655282816,10.355443791439853,2.6329882604055546,3.6404574191686416,1.4769093198992451,4.7793893597118355,4.033690501600852,2.6627667242544284,35.39525080042689,9.71580429568885,17.060832443970103,6.751419278488981
46.0,0.0,616.1205976520811,81.21842542201428,0.6443837780149416,0.0006132592441721294,75.90801494130206,12.30545831236116,-163.45677694770544,71.71914345824702,-0.5447379295624339,0.7892939171646993,-0.4819014087513346,0.9655269919817886,1.3224993169690484,8.680572631772401,2.737217716115264,4.028984599429438,1.3568039457459942,4.156360543668105,3.874912486659552,2.5724105722894994,35.684471718249746,9.372523169849774,17.585058697972276,6.68670815711375
47.0,0.0,616.1205976520811,81.21842542201428,0.6444858057630738,0.0006380175544910567,75.86184631803623,11.980896413665983,-169.15688367129135,74.21955328452795,-0.5576027321237994,0.7540643897850822,-0.4821644397011741,0.9461058842620941,1.9883859445037357,14.52606126780469,2.494188900747067,3.4955489977531773,1.1765707070707043,3.2242069967089217,3.8801152614727825,2.6128985613166833,36.11584845250796,9.722999016375763,17.19989327641408,6.936382664689183
48.0,0.0,616.1205976520811,81.21842542201428,0.6445792956243331,0.0006347785394474943,75.12694770544292,13.105014758281197,-177.75453575240127,78.98156130295037,-0.5127124119530406,0.8313347197886618,-0.49433657417289245,0.9364423376488266,0.7625935752401272,8.442382059451527,2.31711099252935,3.403233283467964,1.2721787994891427,3.027122047655559,3.709028815368198,2.4527434360521907,35.49156883671285,9.979911433670976,17.133030949839924,7.386407314239379
49.0,0.0,616.1205976520811,81.21842542201428,0.6446817502668089,0.0006511609610419746,74.41542155816424,13.09950008653228,-183.95944503735325,81.41081546067237,-0.543171419423692,0.7390310912013334,-0.4830575453575244,1.0201831145365214,0.8888251227321239,5.985747319104874,2.3642582710779068,3.463937188640977,1.3472246192893398,3.5769584123679867,3.6822006403415166,2.5762342625918158,35.194663820704335,9.984299484675105,16.651013874066148,6.72287359603625
50.0,0.0,616.1205976520811,81.21842542201428,0.6447748132337248,0.0006718343232234884,74.19661686232664,13.009387447791669,-187.51654215581644,83.76504464241111,-0.5482129775880474,0.7959745584938442,-0.5115457844183562,0.8883548372524627,0.20583093916755602,2.1825482199072317,2.4733575240128047,3.6411791358996983,1.3055506883604486,3.6847051805342126,3.805775880469585,2.6984458341585857,35.45544290288153,9.847284390253739,16.796104589114197,6.923207632975911
51.0,0.0,616.1205976520811,81.21842542201428,0.6448802561366063,0.0006717065497148265,73.66436499466398,13.374561872442758,-192.7374599786553,82.21728127070466,-0.5649159871931702,0.7994431033133867,-0.4806989220917828,1.0480169671283532,1.711537374599787,10.796011479666197,2.4361899679829246,3.745698177497901,1.5794887417218582,6.010338546365433,3.5899850586979754,2.4766237388536845,35.69012806830306,9.854284192809171,16.96312700106723,6.994091769313153
52.0,0.0,616.1205976520811,81.21842542201428,0.6449758804695841,0.000695506923850055,73.8522838847385,13.220494459713827,-197.44930629669156,84.17467888674956,-0.5819063820704377,0.7954871735061759,-0.5477655069370335,0.7667889046467857,1.8611877374599795,13.623932759984882,2.392604055496263,3.561694690361246,1.3464263565891461,3.614500547929801,3.4287182497331914,2.520841944361108,35.50346851654218,9.985752990267015,16.63068303094985,6.793428251602379
53.0,0.0,616.1205976520811,81.21842542201428,0.6450740661686232,0.0007022602690477165,73.58771611526139,12.865830330298648,-204.36179295624333,87.58689755589133,-0.5704474386339379,0.8064067672517559,-0.47692971184631844,1.0960135747899398,3.8043538313767375,27.56814261668773,2.1926755602988264,3.7077265615825308,1.2220457516339858,3.530050158579874,3.465193169690499,2.6141832997091905,35.896318036285976,9.967856011477854,16.82556029882604,6.951348719424374
54.0,0.0,616.1205976520811,81.21842542201428,0.6451696905016006,0.0007204433668737756,72.91434364994667,13.595057745868338,-209.8964781216649,89.54430441357624,-0.5344813127001067,0.8334950124242245,-0.5565178121664885,0.7902203743517197,1.5156731696905015,10.43060076031084,2.407538954108852,3.7535989544448065,1.4949584954604431,4.985499174508986,3.580560298826041,2.6712512197110954,35.0883137673426,9.521481052103335,16.410779082177175,6.682283648665874
55.0,0.0,616.1205976520811,81.21842542201428,0.6452729989327641,0.0007270698734321501,72.73017075773747,13.827383514947963,-215.39701173959446,90.29249465407882,-0.5375448452508003,0.8316288915317414,-0.5140063927427968,0.9637894061297788,1.042313447171825,9.464607022725252,2.4051921024546417,3.7570073281026244,1.5487938540332924,5.47951603326279,3.215702241195306,2.4401740262671496,35.195891141942376,10.126826840523487,16.765795090715024,6.864919114056426
56.0,0.0,616.1205976520811,81.21842542201428,0.6453711846318025,0.0007393657216065368,72.6277161152615,14.1901930643042,-221.63713980789754,92.74212665846161,-0.515848794023479,0.8775477502818252,-0.5257486659551767,0.8923435611159724,1.5061261579509073,11.284993782038462,2.005907150480256,2.9208076679601156,1.2721156914893605,3.08163426328078,3.2542081109925247,2.4585987836777603,34.655602988260384,9.963399834859388,15.90859124866597,6.909291714510934
57.0,0.0,616.1205976520811,81.21842542201428,0.6454685165421544,0.0007575456338728209,72.42679829242269,14.367279609132618,-228.8110992529349,96.99976105202094,-0.5413773105656348,0.8309887218956986,-0.5395649839914614,0.8984210495031939,3.5984695624333027,31.214316086236547,1.9062497331910364,2.902579558872459,1.2103746630727747,3.329862276245836,3.1765827107790807,2.424028382812985,34.772358591248675,9.962332959784828,16.458217716115286,7.014428393071096
58.0,0.0,616.1205976520811,81.21842542201428,0.6455645677694761,0.0007706070802219344,71.79458911419427,13.961708079383634,-234.67556029882604,97.36407141052483,-0.5471995090715047,0.8387552623384883,-0.5089899786552827,0.9255189847104981,1.4244455389541102,16.061851802435235,2.1005197438633934,3.3339976420744972,1.2753719999999984,3.5310781743846884,3.2482081109925307,2.563165891181965,35.48185699039486,10.147003362304435,16.189167556029886,6.90352813381995
59.0,0.0,616.1205976520811,81.21842542201428,0.6456606189967974,0.0007816989139579753,71.32821771611532,14.806705075063826,-240.53041622198506,99.85846645353692,-0.5650581963713984,0.762385317218676,-0.5095248132337247,1.0119177650885505,0.9288475240128055,6.170007469420045,2.0868826040554964,3.409597070416035,1.3358150134048241,4.075699052602944,3.1448815368196406,2.5404386363688007,34.524866595517615,10.229461324250543,15.488313767342587,6.526225685880328
60.0,0.0,616.1205976520811,81.21842542201428,0.6457643543223046,0.0007953771410767827,71.515955176094,15.199467979585734,-243.91462113127002,100.54165561635322,-0.4879199039487729,0.9124561584085014,-0.5516715368196382,0.8578140801661259,1.3700308004268948,6.811345538595636,2.0804578441835635,3.4259499396349273,1.0060707610146833,2.288780533991093,3.1035101387406567,2.503899855163761,34.42668089647807,10.250190563738006,15.658431163287053,6.700615097349507
61.0,0.0,616.1205976520811,81.21842542201428,0.6458646744930625,0.0008050804037352598,70.94601921024548,14.680125365205777,-249.80469583778014,104.67834178769688,-0.5362733191035215,0.825957808270551,-0.5325743756670231,0.8008450038919905,0.4630508537886874,3.805442004599292,2.0279198717948725,3.4439320400317497,1.0996047156726743,3.7011541717380143,3.112951974386339,2.6176416004463334,34.745037353255086,10.256485800984562,15.825293489861261,6.994100696372868
62.0,0.0,616.1205976520811,81.21842542201428,0.64596499466382,0.0008182365300949169,70.41602988260406,14.851114322437345,-256.44823906083246,104.1880008925376,-0.5473454642475988,0.8125533198802881,-0.4559491889007477,1.3060997780420436,1.7157995410885813,15.234595143494307,2.2231184631803624,3.967044377185059,1.502050684931506,5.84505334322128,3.0458772678761945,2.5973516794887863,34.550693703308426,10.08013235803422,15.877694770544295,6.814873543177675
63.0,0.0,616.1205976520811,81.21842542201428,0.6460644610458909,0.0008380152346076739,70.130469583778,15.119245730361394,-262.8025613660619,108.46228226593738,-0.5343534471718249,0.8428079126813526,-0.49750869797225244,1.1131294923783905,1.0469880256136608,7.426803547159908,1.8198580576307357,2.8245774263187875,1.272221179624663,4.085967509818705,2.8675464247598748,2.3906610849033822,34.694877267876194,10.003588758969258,15.680843116328694,6.589858207845374
64.0,0.0,616.1205976520811,81.21842542201428,0.6461558164354316,0.0008499675431224949,69.93982924226256,15.046692363820013,-265.62433297758804,110.14453376961393,-0.518725048025613,0.8707463995810575,-0.5865705976520813,0.8453980438787952,1.4814947705442905,12.214206328598548,1.798742796157953,3.07611784247687,1.1746680497925288,3.107915593983372,2.8764140875133415,2.425654927752817,34.74818569903947,10.883846671705731,15.311472785485613,6.859390043509934
65.0,0.0,616.1205976520811,81.21842542201428,0.6462574172892203,0.0008533885935559748,69.35003201707575,15.877320302839998,-271.7876200640342,112.10904670278396,-0.49551890074706534,0.8529861879472495,-0.517998004268943,1.0029113313804356,1.6550493062966916,11.841661533459309,1.6430768409818557,2.718955170124684,1.00377746478873,1.9240575760906697,2.7542828175026686,2.3352883687598545,33.733884738527244,10.081937876961513,15.608911419423704,6.8984695911289515
66.0,0.0,616.1205976520811,81.21842542201428,0.6463543223052293,0.0008719786958173176,69.08288153681967,16.17993642809956,-275.89967982924225,113.17491760228425,-0.5473286552828176,0.797366363254721,-0.5219921878335111,1.0120173159584784,1.2178578548559236,11.984745134397265,1.8851323372465316,3.323350011256929,1.0259872881355907,2.2941007133889553,2.819846318036289,2.4682303162802066,34.19306296691569,10.378867522284303,15.005763073639285,6.645722168209836
67.0,0.0,616.1205976520811,81.21842542201428,0.6464589114194238,0.0008897063955458385,68.74390608324437,16.162560380757036,-281.6905016008538,116.18416472953592,-0.5106889114194239,0.8927539698397063,-0.5163138633938102,1.0056012192566994,3.3874120811099218,39.23647760631407,1.727430096051226,3.0015574003880414,0.9577300435413632,1.9420710541515112,2.828834578441837,2.5152324714936345,33.88959445037354,10.281341237261977,14.858004268943441,6.456892189186522
68.0,0.0,616.1205976520811,81.21842542201428,0.6465511205976524,0.0008987370026713275,68.50381003201699,16.26695092246748,-285.2540021344717,116.20369792026258,-0.5230077588046953,0.9397375706188108,-0.5611815688367126,0.9240832357586835,1.7448014087513333,14.950983815739063,1.7446446104589084,2.9191482187454225,1.1245731874144984,3.4353994606080316,2.5680533617929595,2.2828747055803955,33.586979722518734,10.235218988387617,15.430362860192107,7.0198619479312
69.0,0.0,616.1205976520811,81.21842542201428,0.6466475987193172,0.0009142516211674748,68.19893276414085,16.434502807578294,-293.3895410885806,119.3317609673265,-0.533960949839914,0.9197599443870582,-0.5511570437566703,1.0603678435279742,1.5586503094983992,16.838361891153586,1.5629338313767331,2.701019297281613,1.0242796005706118,2.7470467403077503,2.6632337246531477,2.3785661474141637,34.1565635005336,10.632620671406418,15.022145144076841,7.0670997304456185
70.0,0.0,616.1205976520811,81.21842542201428,0.6467517609391679,0.0009228393349047229,67.19517609391666,17.456095601105815,-299.9562433297759,122.0488783849445,-0.552747075773746,0.8150344001745338,-0.5366840661686239,0.9337242068310136,1.2010959338313765,8.47304114896648,1.597230522945569,2.8402246837570955,1.08016524216524,2.964843492127205,2.5613553895410917,2.4077660075079264,33.022572038420535,10.207223000840502,14.455656350053374,6.538754023894739
71.0,0.0,616.1205976520811,81.21842542201428,0.6468516542155823,0.0009347894460223366,66.23083244397002,17.628308748082134,-304.56883671291354,122.49050149410569,-0.5286159231590178,0.8272707533081316,-0.5791696051227329,0.9097684969661762,4.266189551760938,48.96400351653087,1.7386360725720378,3.11655033666413,1.1617659883720906,3.345623133316207,2.5199220917822873,2.2097329323104513,32.72758804695838,10.552952282019502,14.479135538954106,6.856589317987912
72.0,0.0,616.1205976520811,81.21842542201428,0.6469477054429038,0.0009472070761699881,66.14358591248674,18.084837536476254,-310.2113127001067,124.17865121420978,-0.5240028495197441,0.8403361131978025,-0.5235054429028814,1.1837476928247506,1.5538887406616857,11.98196475361715,1.703964781216647,3.0656541396558574,0.9771637426900567,2.162367245582304,2.5100309498399165,2.298747552851817,32.481216648879425,10.697281415530423,14.133511205976522,6.696482594134457
73.0,0.0,616.1205976520811,81.21842542201428,0.6470420490928509,0.0009650361862159657,65.99612593383142,18.32689194151611,-315.6093916755603,126.09887972470767,-0.4820529348986125,0.9728791166582312,-0.5059420597652079,1.1807546825628752,1.4785219637139801,12.6115687400918,1.4357427961579505,2.4241723284734653,0.9525648967551594,2.363777386911463,2.4623671291355387,2.278149259079899,32.598772678761996,10.726090588130507,14.627374599786553,6.863870760432359
74.0,0.0,616.1205976520811,81.21842542201428,0.6471457844183579,0.0009782074999557127,65.98700106723575,17.989350409234078,-321.7214514407684,131.05541651245468,-0.5011645570971186,0.8295599094005022,-0.5673533724653149,0.9720621576639908,0.7272758057630732,5.426218276455112,1.5663308431163303,2.9660768445630983,1.042074020319301,2.7415109532094606,2.529965848452505,2.4709756896873296,32.73452508004273,10.745697836792058,14.497812166488806,7.122750764822644
75.0,0.0,616.1205976520811,81.21842542201428,0.6472375667022425,0.0009858538666580473,65.34638207043753,18.062488143824613,-329.49519743863397,131.93900885653628,-0.49978244397011756,0.897431700689624,-0.4973963927427963,1.1788443816793093,0.7946094023479183,6.831343519992408,1.5544066168623263,2.901366275525857,1.0089268292682907,2.6676511065911197,2.4804557097118445,2.3545050177850047,32.814247598719305,10.849371679624754,14.52929562433295,7.083731066457225
76.0,0.0,616.1205976520811,81.21842542201428,0.6473442902881545,0.0009970778827186253,64.1355069370331,18.613873132211797,-338.4375667022412,132.92421909910877,-0.5154718890074702,0.8210869430552866,-0.4859174599786552,1.1176094957866654,1.161877620064034,9.348679286759445,1.6030309498399138,2.948475658497789,0.9718115942028965,2.6742215450013878,2.3709775880469586,2.2220146512771315,32.179615795090676,10.652110120181442,14.036926360725706,6.960662632062748
77.0,0.0,616.1205976520811,81.21842542201428,0.6474424759871947,0.0010217430519221795,63.99958377801494,18.97344449728183,-341.49413020277484,136.2054690340581,-0.51680053361793,0.8250508470036528,-0.5861896691568836,0.9564831011060178,2.7339203308431133,28.83926912078641,1.7016808964781216,3.395606368532617,1.2111523668639028,3.984452447534786,2.4457897545357516,2.3829023400019596,31.70080042689433,10.91040679414594,13.79631803628602,6.684726677641807
78.0,0.0,616.1205976520811,81.21842542201428,0.647535965848454,0.0010284314459222614,63.804909284952025,19.05839742191521,-348.75773745997867,136.31795498790595,-0.5518428068303095,0.8130850761666119,-0.5458877588046962,1.0337033957272208,4.306673340448241,29.231845919968908,1.4886115261472772,2.6125907141564264,1.1621392592592568,3.1241331780095623,2.339039487726785,2.320167960637732,31.750960512273192,11.194204893468157,13.756830309498376,6.745150144017209
79.0,0.0,616.1205976520811,81.21842542201428,0.6476384204909301,0.0010397730143512456,63.282454642475926,20.00421708887047,-353.07897545357525,136.98076174552648,-0.4399985378868726,0.9990552509188747,-0.48753162219850615,1.4923019983205121,0.6756671291355391,6.2349005205103,1.478353255069371,2.4797343305545496,0.979848617176126,2.5325720769550912,2.303565635005335,2.2572356452008417,31.251814300960497,11.222658553631891,13.40085378868729,6.98331632166405
80.0,0.0,616.1205976520811,81.21842542201428,0.647733617929565,0.001046083836495088,62.08828175026677,20.25691578372589,-360.84525080042687,140.0208955338085,-0.5194039594450374,0.8888992750072654,-0.5063788580576312,1.0398429561815903,1.462931622198504,11.074093084868231,1.4235368196371423,2.7296348693043595,1.1633176291793292,3.933718229273498,2.2567321237993636,2.2334173512464117,31.4162219850587,11.556917909851903,13.183404482390603,6.899778772357264
81.0,0.0,616.1205976520811,81.21842542201428,0.6478416221985083,0.0010667461843539945,62.008046958377754,20.47248911572095,-366.16328708644613,142.04498970537836,-0.4605915688367127,0.9145363780208963,-0.5098162860192098,1.1823532734269548,2.7338399679829255,38.61250657787456,1.3925635005336179,2.811803343999601,1.16580559875583,4.086167314613647,2.271946638207044,2.4120114770350694,31.006029882604032,11.205793184199285,13.097705442902875,6.866602279061095
82.0,0.0,616.1205976520811,81.21842542201428,0.6479308431163311,0.001078992491212002,61.80423692636072,20.844903435395228,-371.1483457844184,147.09441417276224,-0.4420764461045891,1.0472861263561786,-0.5350160939167562,1.0019835839905018,1.0572134471718266,6.06464177980154,1.37821047008547,2.358093924048398,0.884688988095236,1.5772636133348703,2.173272145144074,2.1562897963420755,30.469050160085374,11.670117658485964,13.32059765208111,6.965753815416164
83.0,0.0,616.1205976520811,81.21842542201428,0.6480345784418373,0.0010873482467431141,61.07687299893271,20.729811722828398,-376.3479188900747,148.0306242597162,-0.49669696905015964,0.886483596404183,-0.5831226040554964,0.8676483381764093,4.5990523372465315,49.87109062989856,1.2312913553895406,1.838947079213915,0.8127631975867249,1.0233315492848398,2.100910352187831,2.042628454116996,30.432337246531482,11.138948760509358,13.130256136606192,7.017849611392277
84.0,0.0,616.1205976520811,81.21842542201428,0.6481327641408773,0.0011121738982803665,60.118281750266796,20.525587304323984,-384.1664887940235,150.69780070526795,-0.49890695837780136,0.9100463930257395,-0.5558608324439699,1.0729455376495907,1.1650751227321234,11.12902762128648,1.4068707264957254,2.4469446921083198,1.1043233532934102,3.0309011179943544,2.0503895410885806,1.9829951287639909,30.464140875133367,11.732231968016096,12.898986125933824,6.998392217922628
85.0,0.0,616.1205976520811,81.21842542201428,0.6482245464247623,0.0011229418180921838,59.90958377801498,20.731743954721548,-389.2668089647812,153.26239278929216,-0.4791481323372471,0.9538151355916432,-0.5413278441835649,1.091035527474017,1.07672188900747,9.077769816852252,1.3161184631803626,2.3964355618685977,1.1495668202764944,4.709155374456562,2.1067289220917806,2.1645342530684837,30.181856990394895,11.246507180725091,12.772091782283882,6.747459911817684
86.0,0.0,616.1205976520811,81.21842542201428,0.6483231590181454,0.001126032053255447,60.708207043756765,20.526344318613305,-391.1237993596585,152.9834487154378,-0.4331435218783348,0.921878218306878,-0.5095264034151546,1.0637292272326266,2.7091064247598706,23.95170194502583,1.3791367521367515,2.5037587040219194,0.9454415384615356,2.0780321616962,2.1037011739594456,2.2273715993399295,30.043116328708646,11.131960635892533,12.609498399146194,6.750773343125482
87.0,0.0,616.1205976520811,81.21842542201428,0.6484332977588073,0.0011430459364028577,60.38410885805766,20.508390684143528,-396.6990394877268,154.1542254297972,-0.5025773319103521,0.8867188602263034,-0.5171997331910357,1.141601349153058,0.40615560298826103,3.543797587228079,1.1787726787620065,1.957755459785719,0.8704589147286799,1.454981619618712,2.0410864461045897,2.149935912275541,30.560298826040583,11.509938312319159,12.710725720384206,6.6739829771753705
88.0,0.0,616.1205976520811,81.21842542201428,0.6485314834578464,0.0011576856711215447,60.04342582710774,20.81301218221957,-401.1152614727855,154.33400677607332,-0.4920727534685165,0.8381114446534031,-0.5378725933831376,1.0128920229817504,2.382905026680898,21.61802206991319,1.529786324786325,2.949522646309915,0.8956170886075927,2.3261612627819774,2.214029882604054,2.2651487489854145,29.626734258271078,11.258578505978116,12.518516542155815,6.805396913357732
89.0,0.0,616.1205976520811,81.21842542201428,0.6486211312700125,0.001160843546035014,59.99569903948771,20.896382445882292,-402.6734258271078,153.88317676072094,-0.4571837246531477,1.0007712735732883,-0.5908703308431159,1.0439137727916596,1.5728927641408752,10.230408123504589,1.223515474919957,2.060481515779338,1.1619905660377334,4.122866381296386,1.914864461045891,1.8620033306058716,29.387833511206004,11.507129538027232,12.45592315901815,6.42704187508578
90.0,0.0,616.1205976520811,81.21842542201428,0.6487150480256159,0.001182781945259043,59.73407684098182,20.372439965968443,-407.24759871931695,155.6305059531753,-0.49965842049092896,0.8813243128018226,-0.5382744503735319,1.1216993704787788,2.6673267449306293,20.265335883183113,1.2141472785485579,2.182135470596106,0.9628319604612827,1.9627521715906875,2.0056798292422604,2.1617407522614758,29.969423692636056,11.659035204898608,12.336979722518686,6.614888219822124
91.0,0.0,616.1205976520811,81.21842542201428,0.6488183564567785,0.0012092158871927208,59.1363393810032,19.891775225082466,-410.6318036286019,157.18072439010842,-0.5132536926360726,0.9016224001595098,-0.5725030629669153,0.9425876364676523,0.6576951654215579,6.157162054775348,1.389709090909091,2.591438726794479,0.9283048387096748,2.3003239054482205,1.9830971184631834,2.0474265587594527,30.06595517609391,11.7059526114828,12.359498399146231,6.439390309692611
92.0,0.0,616.1205976520811,81.21842542201428,0.6489208110992545,0.0011960465753561036,58.654845250800456,19.739278321340528,-416.0501600853789,158.86416018110904,-0.4905785272145143,0.8704727250916363,-0.5918184845250793,0.9206355930987624,1.3952649092849507,16.29338396384431,1.3239135538954094,2.2227248365547196,0.869549999999997,1.4294571152626456,1.920800426894344,1.8513147705331667,30.290021344717143,11.3707179867513,12.66851654215582,7.059682772734721
93.0,0.0,616.1205976520811,81.21842542201428,0.6490198505869811,0.0012054619466786336,59.07688367129137,20.061029050205036,-421.10352187833513,160.8105899706895,-0.5298782177161157,0.8472518980685195,-0.5554977161152619,1.066519271401993,1.121034909284952,9.238064443785056,1.424693703308431,3.3547122748860163,1.0145615384615356,3.7932346347023294,1.9620757737459977,2.1796448663619303,29.324866595517616,10.84810625872367,12.07502668089649,6.25842148737969
94.0,0.0,616.1205976520811,81.21842542201428,0.6491197438633945,0.0012420439391478636,58.75733191035214,19.82252116901443,-427.12166488794026,159.82811648722372,-0.4524454962646746,0.9455038200160168,-0.5590636819637144,1.2570161826313175,1.6779571291355388,11.361311793986332,1.390019210245463,2.616822813407657,1.0366356589147263,2.926898731607381,1.9432337246531497,2.085395089832691,28.630416221985033,10.824184754544127,12.213553895410891,6.521896283022115
95.0,0.0,616.1205976520811,81.21842542201428,0.6492076840981866,0.00126028942250888,58.9396371398078,19.165743894665,-430.42155816435434,163.20749926702462,-0.5033630843116332,0.8325466330156946,-0.6104549413020275,0.8739072507616898,1.772119434364995,12.211800485376076,1.4285517609391685,2.999613643520519,1.0728970358814325,2.9912209814316935,1.9782091782283866,2.1157184839457193,29.613713980789743,11.019329881179381,12.293489861259324,6.521193614360833
96.0,0.0,616.1205976520811,81.21842542201428,0.6493024546424768,0.0012579074772262769,57.410394877268,18.784774300527715,-437.48132337246534,164.988903359468,-0.5225806083244399,0.9461394497306176,-0.528873393810032,1.2580529356441348,1.1756063073639265,11.440492374594672,1.3126115261472784,2.442087372056813,1.0156356073211295,2.376997493377765,1.8665325506937043,1.9546525596321247,30.335645677694842,11.610168528940493,11.818463180362867,6.16467850191682
97.0,0.0,616.1205976520811,81.21842542201428,0.6494138740661687,0.001270643681424434,55.183137673425804,18.688468949912004,-446.6275346851654,168.3343442409164,-0.5013919423692633,1.0158039973161999,-0.5921750907150479,0.977390674948903,3.221969925293491,37.2924455978391,1.1634695837780138,2.0157307027851297,0.822269968051116,1.226017572655101,1.7760106723585918,1.793892017910921,28.72748132337247,11.006836909741846,11.689220917822832,6.225651066086148
98.0,0.0,616.1205976520811,81.21842542201428,0.6495244397011738,0.0012859018532298272,54.25239060832443,17.24753818898848,-451.3724653148346,170.2341942934175,-0.5279971718249733,0.802772991865797,-0.5284301600853787,1.4913731189651005,0.4550505976520812,3.554786019957387,1.1797822838847374,1.9861457028694027,0.8165265700483066,1.173746387009155,1.7061205976520821,1.799028878130165,28.8077908217716,10.233031253286455,11.790074706510152,6.097682494033906
99.0,0.0,616.1205976520811,81.21842542201428,0.6496025613660613,0.0012924185186066397,57.2582924226254,13.992731970252628,-444.98078975453575,173.0080276920923,-0.36840919957310575,1.0215108283427299,-0.4643302134471723,1.6172551902135721,0.5685314194236926,7.183542942153842,1.632442902881535,3.6378216125203315,1.1985628834355806,4.876131104334573,1.9290512273212397,2.1700750842866996,31.176360725720375,9.278777606100572,15.411472785485588,6.231425262154606
